date,product_id,product_name,demand,promotion
2024-01-01,P01,Wireless Mouse,46,0
2024-01-02,P01,Wireless Mouse,46,0
2024-01-03,P01,Wireless Mouse,59,0
2024-01-04,P01,Wireless Mouse,43,0
2024-01-05,P01,Wireless Mouse,47,0
2024-01-06,P01,Wireless Mouse,47,0
2024-01-07,P01,Wireless Mouse,55,0
2024-01-08,P01,Wireless Mouse,44,0
2024-01-09,P01,Wireless Mouse,37,0
2024-01-10,P01,Wireless Mouse,34,0
2024-01-11,P01,Wireless Mouse,35,0
2024-01-12,P01,Wireless Mouse,49,0
2024-01-13,P01,Wireless Mouse,60,0
2024-01-14,P01,Wireless Mouse,54,0
2024-01-15,P01,Wireless Mouse,34,0
2024-01-16,P01,Wireless Mouse,40,0
2024-01-17,P01,Wireless Mouse,40,0
2024-01-18,P01,Wireless Mouse,42,0
2024-01-19,P01,Wireless Mouse,50,0
2024-01-20,P01,Wireless Mouse,57,0
2024-01-21,P01,Wireless Mouse,56,0
2024-01-22,P01,Wireless Mouse,39,0
2024-01-23,P01,Wireless Mouse,40,0
2024-01-24,P01,Wireless Mouse,43,0
2024-01-25,P01,Wireless Mouse,32,0
2024-01-26,P01,Wireless Mouse,43,0
2024-01-27,P01,Wireless Mouse,52,0
2024-01-28,P01,Wireless Mouse,47,0
2024-01-29,P01,Wireless Mouse,38,0
2024-01-30,P01,Wireless Mouse,48,0
2024-01-31,P01,Wireless Mouse,35,0
2024-02-01,P01,Wireless Mouse,47,0
2024-02-02,P01,Wireless Mouse,34,0
2024-02-03,P01,Wireless Mouse,53,0
2024-02-04,P01,Wireless Mouse,53,0
2024-02-05,P01,Wireless Mouse,43,0
2024-02-06,P01,Wireless Mouse,44,0
2024-02-07,P01,Wireless Mouse,46,0
2024-02-08,P01,Wireless Mouse,40,0
2024-02-09,P01,Wireless Mouse,43,0
2024-02-10,P01,Wireless Mouse,64,0
2024-02-11,P01,Wireless Mouse,51,0
2024-02-12,P01,Wireless Mouse,33,0
2024-02-13,P01,Wireless Mouse,33,0
2024-02-14,P01,Wireless Mouse,36,0
2024-02-15,P01,Wireless Mouse,46,0
2024-02-16,P01,Wireless Mouse,48,0
2024-02-17,P01,Wireless Mouse,64,0
2024-02-18,P01,Wireless Mouse,50,0
2024-02-19,P01,Wireless Mouse,42,0
2024-02-20,P01,Wireless Mouse,45,0
2024-02-21,P01,Wireless Mouse,40,0
2024-02-22,P01,Wireless Mouse,46,0
2024-02-23,P01,Wireless Mouse,43,0
2024-02-24,P01,Wireless Mouse,56,0
2024-02-25,P01,Wireless Mouse,51,0
2024-02-26,P01,Wireless Mouse,34,0
2024-02-27,P01,Wireless Mouse,45,0
2024-02-28,P01,Wireless Mouse,40,0
2024-02-29,P01,Wireless Mouse,44,0
2024-03-01,P01,Wireless Mouse,52,0
2024-03-02,P01,Wireless Mouse,104,1
2024-03-03,P01,Wireless Mouse,75,1
2024-03-04,P01,Wireless Mouse,49,1
2024-03-05,P01,Wireless Mouse,45,1
2024-03-06,P01,Wireless Mouse,77,1
2024-03-07,P01,Wireless Mouse,67,1
2024-03-08,P01,Wireless Mouse,79,1
2024-03-09,P01,Wireless Mouse,83,1
2024-03-10,P01,Wireless Mouse,68,1
2024-03-11,P01,Wireless Mouse,41,0
2024-03-12,P01,Wireless Mouse,48,0
2024-03-13,P01,Wireless Mouse,33,0
2024-03-14,P01,Wireless Mouse,48,0
2024-03-15,P01,Wireless Mouse,52,0
2024-03-16,P01,Wireless Mouse,56,0
2024-03-17,P01,Wireless Mouse,45,0
2024-03-18,P01,Wireless Mouse,44,0
2024-03-19,P01,Wireless Mouse,40,0
2024-03-20,P01,Wireless Mouse,46,0
2024-03-21,P01,Wireless Mouse,46,0
2024-03-22,P01,Wireless Mouse,63,0
2024-03-23,P01,Wireless Mouse,61,0
2024-03-24,P01,Wireless Mouse,49,0
2024-03-25,P01,Wireless Mouse,46,0
2024-03-26,P01,Wireless Mouse,46,0
2024-03-27,P01,Wireless Mouse,55,0
2024-03-28,P01,Wireless Mouse,53,0
2024-03-29,P01,Wireless Mouse,55,0
2024-03-30,P01,Wireless Mouse,78,0
2024-03-31,P01,Wireless Mouse,49,0
2024-04-01,P01,Wireless Mouse,41,0
2024-04-02,P01,Wireless Mouse,71,1
2024-04-03,P01,Wireless Mouse,73,1
2024-04-04,P01,Wireless Mouse,49,1
2024-04-05,P01,Wireless Mouse,82,1
2024-04-06,P01,Wireless Mouse,73,0
2024-04-07,P01,Wireless Mouse,78,0
2024-04-08,P01,Wireless Mouse,66,0
2024-04-09,P01,Wireless Mouse,49,0
2024-04-10,P01,Wireless Mouse,40,0
2024-04-11,P01,Wireless Mouse,33,0
2024-04-12,P01,Wireless Mouse,56,0
2024-04-13,P01,Wireless Mouse,58,0
2024-04-14,P01,Wireless Mouse,57,0
2024-04-15,P01,Wireless Mouse,42,0
2024-04-16,P01,Wireless Mouse,46,0
2024-04-17,P01,Wireless Mouse,55,0
2024-04-18,P01,Wireless Mouse,50,0
2024-04-19,P01,Wireless Mouse,53,0
2024-04-20,P01,Wireless Mouse,56,0
2024-04-21,P01,Wireless Mouse,46,0
2024-04-22,P01,Wireless Mouse,44,0
2024-04-23,P01,Wireless Mouse,47,0
2024-04-24,P01,Wireless Mouse,61,0
2024-04-25,P01,Wireless Mouse,51,0
2024-04-26,P01,Wireless Mouse,63,0
2024-04-27,P01,Wireless Mouse,63,0
2024-04-28,P01,Wireless Mouse,52,0
2024-04-29,P01,Wireless Mouse,41,0
2024-04-30,P01,Wireless Mouse,43,0
2024-05-01,P01,Wireless Mouse,65,0
2024-05-02,P01,Wireless Mouse,44,0
2024-05-03,P01,Wireless Mouse,63,0
2024-05-04,P01,Wireless Mouse,59,0
2024-05-05,P01,Wireless Mouse,72,0
2024-05-06,P01,Wireless Mouse,51,0
2024-05-07,P01,Wireless Mouse,47,0
2024-05-08,P01,Wireless Mouse,49,0
2024-05-09,P01,Wireless Mouse,46,0
2024-05-10,P01,Wireless Mouse,60,0
2024-05-11,P01,Wireless Mouse,65,0
2024-05-12,P01,Wireless Mouse,52,0
2024-05-13,P01,Wireless Mouse,40,0
2024-05-14,P01,Wireless Mouse,50,0
2024-05-15,P01,Wireless Mouse,62,0
2024-05-16,P01,Wireless Mouse,53,0
2024-05-17,P01,Wireless Mouse,56,0
2024-05-18,P01,Wireless Mouse,73,0
2024-05-19,P01,Wireless Mouse,78,0
2024-05-20,P01,Wireless Mouse,51,0
2024-05-21,P01,Wireless Mouse,46,0
2024-05-22,P01,Wireless Mouse,59,0
2024-05-23,P01,Wireless Mouse,56,0
2024-05-24,P01,Wireless Mouse,94,1
2024-05-25,P01,Wireless Mouse,94,1
2024-05-26,P01,Wireless Mouse,82,0
2024-05-27,P01,Wireless Mouse,63,0
2024-05-28,P01,Wireless Mouse,49,0
2024-05-29,P01,Wireless Mouse,48,0
2024-05-30,P01,Wireless Mouse,64,0
2024-05-31,P01,Wireless Mouse,48,0
2024-06-01,P01,Wireless Mouse,62,0
2024-06-02,P01,Wireless Mouse,72,0
2024-06-03,P01,Wireless Mouse,47,0
2024-06-04,P01,Wireless Mouse,50,0
2024-06-05,P01,Wireless Mouse,50,0
2024-06-06,P01,Wireless Mouse,56,0
2024-06-07,P01,Wireless Mouse,71,0
2024-06-08,P01,Wireless Mouse,72,0
2024-06-09,P01,Wireless Mouse,73,0
2024-06-10,P01,Wireless Mouse,35,0
2024-06-11,P01,Wireless Mouse,50,0
2024-06-12,P01,Wireless Mouse,45,0
2024-06-13,P01,Wireless Mouse,43,0
2024-06-14,P01,Wireless Mouse,51,0
2024-06-15,P01,Wireless Mouse,68,0
2024-06-16,P01,Wireless Mouse,76,0
2024-06-17,P01,Wireless Mouse,40,0
2024-06-18,P01,Wireless Mouse,51,0
2024-06-19,P01,Wireless Mouse,48,0
2024-06-20,P01,Wireless Mouse,51,0
2024-06-21,P01,Wireless Mouse,67,0
2024-06-22,P01,Wireless Mouse,78,0
2024-06-23,P01,Wireless Mouse,80,0
2024-06-24,P01,Wireless Mouse,49,0
2024-06-25,P01,Wireless Mouse,45,0
2024-06-26,P01,Wireless Mouse,50,0
2024-06-27,P01,Wireless Mouse,55,0
2024-06-28,P01,Wireless Mouse,60,0
2024-06-29,P01,Wireless Mouse,60,0
2024-06-30,P01,Wireless Mouse,68,0
2024-07-01,P01,Wireless Mouse,52,0
2024-07-02,P01,Wireless Mouse,70,0
2024-07-03,P01,Wireless Mouse,66,0
2024-07-04,P01,Wireless Mouse,46,0
2024-07-05,P01,Wireless Mouse,56,0
2024-07-06,P01,Wireless Mouse,56,0
2024-07-07,P01,Wireless Mouse,61,0
2024-07-08,P01,Wireless Mouse,53,0
2024-07-09,P01,Wireless Mouse,60,0
2024-07-10,P01,Wireless Mouse,46,0
2024-07-11,P01,Wireless Mouse,48,0
2024-07-12,P01,Wireless Mouse,40,0
2024-07-13,P01,Wireless Mouse,70,0
2024-07-14,P01,Wireless Mouse,56,0
2024-07-15,P01,Wireless Mouse,46,0
2024-07-16,P01,Wireless Mouse,44,0
2024-07-17,P01,Wireless Mouse,51,0
2024-07-18,P01,Wireless Mouse,39,0
2024-07-19,P01,Wireless Mouse,45,0
2024-07-20,P01,Wireless Mouse,94,0
2024-07-21,P01,Wireless Mouse,53,0
2024-07-22,P01,Wireless Mouse,42,0
2024-07-23,P01,Wireless Mouse,64,0
2024-07-24,P01,Wireless Mouse,74,0
2024-07-25,P01,Wireless Mouse,44,0
2024-07-26,P01,Wireless Mouse,55,0
2024-07-27,P01,Wireless Mouse,75,0
2024-07-28,P01,Wireless Mouse,83,0
2024-07-29,P01,Wireless Mouse,43,0
2024-07-30,P01,Wireless Mouse,48,0
2024-07-31,P01,Wireless Mouse,57,0
2024-08-01,P01,Wireless Mouse,56,0
2024-08-02,P01,Wireless Mouse,54,0
2024-08-03,P01,Wireless Mouse,69,0
2024-08-04,P01,Wireless Mouse,52,0
2024-08-05,P01,Wireless Mouse,48,0
2024-08-06,P01,Wireless Mouse,48,0
2024-08-07,P01,Wireless Mouse,52,0
2024-08-08,P01,Wireless Mouse,48,0
2024-08-09,P01,Wireless Mouse,61,0
2024-08-10,P01,Wireless Mouse,81,0
2024-08-11,P01,Wireless Mouse,66,0
2024-08-12,P01,Wireless Mouse,52,0
2024-08-13,P01,Wireless Mouse,50,0
2024-08-14,P01,Wireless Mouse,50,0
2024-08-15,P01,Wireless Mouse,46,0
2024-08-16,P01,Wireless Mouse,59,0
2024-08-17,P01,Wireless Mouse,69,0
2024-08-18,P01,Wireless Mouse,85,0
2024-08-19,P01,Wireless Mouse,60,0
2024-08-20,P01,Wireless Mouse,52,0
2024-08-21,P01,Wireless Mouse,44,0
2024-08-22,P01,Wireless Mouse,43,0
2024-08-23,P01,Wireless Mouse,66,0
2024-08-24,P01,Wireless Mouse,72,0
2024-08-25,P01,Wireless Mouse,68,0
2024-08-26,P01,Wireless Mouse,36,0
2024-08-27,P01,Wireless Mouse,55,0
2024-08-28,P01,Wireless Mouse,53,0
2024-08-29,P01,Wireless Mouse,42,0
2024-08-30,P01,Wireless Mouse,52,0
2024-08-31,P01,Wireless Mouse,71,0
2024-09-01,P01,Wireless Mouse,63,0
2024-09-02,P01,Wireless Mouse,46,0
2024-09-03,P01,Wireless Mouse,47,0
2024-09-04,P01,Wireless Mouse,47,0
2024-09-05,P01,Wireless Mouse,51,0
2024-09-06,P01,Wireless Mouse,67,0
2024-09-07,P01,Wireless Mouse,41,0
2024-09-08,P01,Wireless Mouse,60,0
2024-09-09,P01,Wireless Mouse,48,0
2024-09-10,P01,Wireless Mouse,49,0
2024-09-11,P01,Wireless Mouse,45,0
2024-09-12,P01,Wireless Mouse,36,0
2024-09-13,P01,Wireless Mouse,57,0
2024-09-14,P01,Wireless Mouse,84,0
2024-09-15,P01,Wireless Mouse,47,0
2024-09-16,P01,Wireless Mouse,53,0
2024-09-17,P01,Wireless Mouse,44,0
2024-09-18,P01,Wireless Mouse,47,0
2024-09-19,P01,Wireless Mouse,41,0
2024-09-20,P01,Wireless Mouse,51,0
2024-09-21,P01,Wireless Mouse,79,0
2024-09-22,P01,Wireless Mouse,66,0
2024-09-23,P01,Wireless Mouse,58,0
2024-09-24,P01,Wireless Mouse,54,0
2024-09-25,P01,Wireless Mouse,50,0
2024-09-26,P01,Wireless Mouse,61,0
2024-09-27,P01,Wireless Mouse,57,0
2024-09-28,P01,Wireless Mouse,73,0
2024-09-29,P01,Wireless Mouse,57,0
2024-09-30,P01,Wireless Mouse,46,0
2024-10-01,P01,Wireless Mouse,59,0
2024-10-02,P01,Wireless Mouse,77,0
2024-10-03,P01,Wireless Mouse,57,0
2024-10-04,P01,Wireless Mouse,85,0
2024-10-05,P01,Wireless Mouse,90,0
2024-10-06,P01,Wireless Mouse,101,0
2024-10-07,P01,Wireless Mouse,73,0
2024-10-08,P01,Wireless Mouse,83,0
2024-10-09,P01,Wireless Mouse,74,0
2024-10-10,P01,Wireless Mouse,52,0
2024-10-11,P01,Wireless Mouse,74,0
2024-10-12,P01,Wireless Mouse,76,0
2024-10-13,P01,Wireless Mouse,78,0
2024-10-14,P01,Wireless Mouse,79,0
2024-10-15,P01,Wireless Mouse,71,0
2024-10-16,P01,Wireless Mouse,59,0
2024-10-17,P01,Wireless Mouse,57,0
2024-10-18,P01,Wireless Mouse,75,0
2024-10-19,P01,Wireless Mouse,74,0
2024-10-20,P01,Wireless Mouse,76,0
2024-10-21,P01,Wireless Mouse,67,0
2024-10-22,P01,Wireless Mouse,75,0
2024-10-23,P01,Wireless Mouse,71,0
2024-10-24,P01,Wireless Mouse,44,0
2024-10-25,P01,Wireless Mouse,77,0
2024-10-26,P01,Wireless Mouse,91,0
2024-10-27,P01,Wireless Mouse,88,0
2024-10-28,P01,Wireless Mouse,78,0
2024-10-29,P01,Wireless Mouse,43,0
2024-10-30,P01,Wireless Mouse,59,0
2024-10-31,P01,Wireless Mouse,72,0
2024-11-01,P01,Wireless Mouse,55,0
2024-11-02,P01,Wireless Mouse,109,0
2024-11-03,P01,Wireless Mouse,87,0
2024-11-04,P01,Wireless Mouse,84,1
2024-11-05,P01,Wireless Mouse,114,1
2024-11-06,P01,Wireless Mouse,109,1
2024-11-07,P01,Wireless Mouse,80,1
2024-11-08,P01,Wireless Mouse,100,1
2024-11-09,P01,Wireless Mouse,138,1
2024-11-10,P01,Wireless Mouse,118,1
2024-11-11,P01,Wireless Mouse,88,1
2024-11-12,P01,Wireless Mouse,54,0
2024-11-13,P01,Wireless Mouse,65,0
2024-11-14,P01,Wireless Mouse,73,0
2024-11-15,P01,Wireless Mouse,72,0
2024-11-16,P01,Wireless Mouse,105,0
2024-11-17,P01,Wireless Mouse,91,0
2024-11-18,P01,Wireless Mouse,69,0
2024-11-19,P01,Wireless Mouse,67,0
2024-11-20,P01,Wireless Mouse,85,0
2024-11-21,P01,Wireless Mouse,63,0
2024-11-22,P01,Wireless Mouse,50,0
2024-11-23,P01,Wireless Mouse,108,0
2024-11-24,P01,Wireless Mouse,75,0
2024-11-25,P01,Wireless Mouse,62,0
2024-11-26,P01,Wireless Mouse,73,0
2024-11-27,P01,Wireless Mouse,47,0
2024-11-28,P01,Wireless Mouse,52,0
2024-11-29,P01,Wireless Mouse,54,0
2024-11-30,P01,Wireless Mouse,76,0
2024-12-01,P01,Wireless Mouse,77,0
2024-12-02,P01,Wireless Mouse,59,0
2024-12-03,P01,Wireless Mouse,57,0
2024-12-04,P01,Wireless Mouse,44,0
2024-12-05,P01,Wireless Mouse,38,0
2024-12-06,P01,Wireless Mouse,64,0
2024-12-07,P01,Wireless Mouse,72,0
2024-12-08,P01,Wireless Mouse,77,0
2024-12-09,P01,Wireless Mouse,60,0
2024-12-10,P01,Wireless Mouse,56,0
2024-12-11,P01,Wireless Mouse,62,0
2024-12-12,P01,Wireless Mouse,59,0
2024-12-13,P01,Wireless Mouse,68,0
2024-12-14,P01,Wireless Mouse,69,0
2024-12-15,P01,Wireless Mouse,70,0
2024-12-16,P01,Wireless Mouse,56,0
2024-12-17,P01,Wireless Mouse,61,0
2024-12-18,P01,Wireless Mouse,53,0
2024-12-19,P01,Wireless Mouse,62,0
2024-12-20,P01,Wireless Mouse,61,0
2024-12-21,P01,Wireless Mouse,76,0
2024-12-22,P01,Wireless Mouse,81,0
2024-12-23,P01,Wireless Mouse,38,0
2024-12-24,P01,Wireless Mouse,44,0
2024-12-25,P01,Wireless Mouse,44,0
2024-12-26,P01,Wireless Mouse,29,0
2024-12-27,P01,Wireless Mouse,44,0
2024-12-28,P01,Wireless Mouse,67,0
2024-12-29,P01,Wireless Mouse,53,0
2024-12-30,P01,Wireless Mouse,44,0
2024-12-31,P01,Wireless Mouse,49,0
2025-01-01,P01,Wireless Mouse,60,0
2025-01-02,P01,Wireless Mouse,51,0
2025-01-03,P01,Wireless Mouse,68,0
2025-01-04,P01,Wireless Mouse,70,0
2025-01-05,P01,Wireless Mouse,56,0
2025-01-06,P01,Wireless Mouse,45,1
2025-01-07,P01,Wireless Mouse,55,1
2025-01-08,P01,Wireless Mouse,49,0
2025-01-09,P01,Wireless Mouse,56,0
2025-01-10,P01,Wireless Mouse,39,0
2025-01-11,P01,Wireless Mouse,64,0
2025-01-12,P01,Wireless Mouse,48,0
2025-01-13,P01,Wireless Mouse,55,1
2025-01-14,P01,Wireless Mouse,77,1
2025-01-15,P01,Wireless Mouse,54,1
2025-01-16,P01,Wireless Mouse,69,1
2025-01-17,P01,Wireless Mouse,53,0
2025-01-18,P01,Wireless Mouse,60,0
2025-01-19,P01,Wireless Mouse,60,0
2025-01-20,P01,Wireless Mouse,46,0
2025-01-21,P01,Wireless Mouse,52,0
2025-01-22,P01,Wireless Mouse,42,0
2025-01-23,P01,Wireless Mouse,36,0
2025-01-24,P01,Wireless Mouse,58,0
2025-01-25,P01,Wireless Mouse,59,0
2025-01-26,P01,Wireless Mouse,67,0
2025-01-27,P01,Wireless Mouse,46,0
2025-01-28,P01,Wireless Mouse,43,0
2025-01-29,P01,Wireless Mouse,47,0
2025-01-30,P01,Wireless Mouse,60,0
2025-01-31,P01,Wireless Mouse,67,0
2025-02-01,P01,Wireless Mouse,63,0
2025-02-02,P01,Wireless Mouse,60,0
2025-02-03,P01,Wireless Mouse,51,0
2025-02-04,P01,Wireless Mouse,39,0
2025-02-05,P01,Wireless Mouse,48,0
2025-02-06,P01,Wireless Mouse,47,0
2025-02-07,P01,Wireless Mouse,54,0
2025-02-08,P01,Wireless Mouse,56,0
2025-02-09,P01,Wireless Mouse,45,0
2025-02-10,P01,Wireless Mouse,31,0
2025-02-11,P01,Wireless Mouse,37,0
2025-02-12,P01,Wireless Mouse,43,0
2025-02-13,P01,Wireless Mouse,45,0
2025-02-14,P01,Wireless Mouse,68,0
2025-02-15,P01,Wireless Mouse,75,0
2025-02-16,P01,Wireless Mouse,51,0
2025-02-17,P01,Wireless Mouse,48,0
2025-02-18,P01,Wireless Mouse,43,0
2025-02-19,P01,Wireless Mouse,45,0
2025-02-20,P01,Wireless Mouse,50,0
2025-02-21,P01,Wireless Mouse,58,0
2025-02-22,P01,Wireless Mouse,62,0
2025-02-23,P01,Wireless Mouse,70,0
2025-02-24,P01,Wireless Mouse,38,0
2025-02-25,P01,Wireless Mouse,46,0
2025-02-26,P01,Wireless Mouse,66,0
2025-02-27,P01,Wireless Mouse,51,0
2025-02-28,P01,Wireless Mouse,66,0
2025-03-01,P01,Wireless Mouse,67,0
2025-03-02,P01,Wireless Mouse,67,0
2025-03-03,P01,Wireless Mouse,47,0
2025-03-04,P01,Wireless Mouse,46,0
2025-03-05,P01,Wireless Mouse,43,0
2025-03-06,P01,Wireless Mouse,53,0
2025-03-07,P01,Wireless Mouse,48,0
2025-03-08,P01,Wireless Mouse,74,0
2025-03-09,P01,Wireless Mouse,73,0
2025-03-10,P01,Wireless Mouse,50,0
2025-03-11,P01,Wireless Mouse,46,0
2025-03-12,P01,Wireless Mouse,52,0
2025-03-13,P01,Wireless Mouse,48,0
2025-03-14,P01,Wireless Mouse,64,0
2025-03-15,P01,Wireless Mouse,50,0
2025-03-16,P01,Wireless Mouse,61,0
2025-03-17,P01,Wireless Mouse,34,0
2025-03-18,P01,Wireless Mouse,38,0
2025-03-19,P01,Wireless Mouse,60,0
2025-03-20,P01,Wireless Mouse,58,0
2025-03-21,P01,Wireless Mouse,51,0
2025-03-22,P01,Wireless Mouse,54,0
2025-03-23,P01,Wireless Mouse,36,0
2025-03-24,P01,Wireless Mouse,45,0
2025-03-25,P01,Wireless Mouse,68,0
2025-03-26,P01,Wireless Mouse,54,0
2025-03-27,P01,Wireless Mouse,48,0
2025-03-28,P01,Wireless Mouse,62,0
2025-03-29,P01,Wireless Mouse,54,0
2025-03-30,P01,Wireless Mouse,63,0
2025-03-31,P01,Wireless Mouse,51,0
2025-04-01,P01,Wireless Mouse,50,0
2025-04-02,P01,Wireless Mouse,58,0
2025-04-03,P01,Wireless Mouse,56,0
2025-04-04,P01,Wireless Mouse,65,0
2025-04-05,P01,Wireless Mouse,65,0
2025-04-06,P01,Wireless Mouse,76,0
2025-04-07,P01,Wireless Mouse,64,0
2025-04-08,P01,Wireless Mouse,44,0
2025-04-09,P01,Wireless Mouse,103,1
2025-04-10,P01,Wireless Mouse,89,1
2025-04-11,P01,Wireless Mouse,106,1
2025-04-12,P01,Wireless Mouse,75,0
2025-04-13,P01,Wireless Mouse,71,0
2025-04-14,P01,Wireless Mouse,64,0
2025-04-15,P01,Wireless Mouse,49,0
2025-04-16,P01,Wireless Mouse,46,0
2025-04-17,P01,Wireless Mouse,51,0
2025-04-18,P01,Wireless Mouse,65,0
2025-04-19,P01,Wireless Mouse,57,0
2025-04-20,P01,Wireless Mouse,76,0
2025-04-21,P01,Wireless Mouse,48,0
2025-04-22,P01,Wireless Mouse,62,0
2025-04-23,P01,Wireless Mouse,35,0
2025-04-24,P01,Wireless Mouse,49,0
2025-04-25,P01,Wireless Mouse,46,0
2025-04-26,P01,Wireless Mouse,66,0
2025-04-27,P01,Wireless Mouse,73,0
2025-04-28,P01,Wireless Mouse,52,0
2025-04-29,P01,Wireless Mouse,51,0
2025-04-30,P01,Wireless Mouse,53,0
2025-05-01,P01,Wireless Mouse,58,0
2025-05-02,P01,Wireless Mouse,53,0
2025-05-03,P01,Wireless Mouse,84,0
2025-05-04,P01,Wireless Mouse,78,0
2025-05-05,P01,Wireless Mouse,57,0
2025-05-06,P01,Wireless Mouse,59,0
2025-05-07,P01,Wireless Mouse,58,0
2025-05-08,P01,Wireless Mouse,74,0
2025-05-09,P01,Wireless Mouse,62,0
2025-05-10,P01,Wireless Mouse,74,0
2025-05-11,P01,Wireless Mouse,64,0
2025-05-12,P01,Wireless Mouse,46,0
2025-05-13,P01,Wireless Mouse,68,1
2025-05-14,P01,Wireless Mouse,86,1
2025-05-15,P01,Wireless Mouse,58,0
2025-05-16,P01,Wireless Mouse,56,0
2025-05-17,P01,Wireless Mouse,89,0
2025-05-18,P01,Wireless Mouse,80,0
2025-05-19,P01,Wireless Mouse,54,0
2025-05-20,P01,Wireless Mouse,50,0
2025-05-21,P01,Wireless Mouse,61,0
2025-05-22,P01,Wireless Mouse,60,0
2025-05-23,P01,Wireless Mouse,50,0
2025-05-24,P01,Wireless Mouse,78,0
2025-05-25,P01,Wireless Mouse,76,0
2025-05-26,P01,Wireless Mouse,48,0
2025-05-27,P01,Wireless Mouse,57,0
2025-05-28,P01,Wireless Mouse,44,0
2025-05-29,P01,Wireless Mouse,70,0
2025-05-30,P01,Wireless Mouse,77,0
2025-05-31,P01,Wireless Mouse,76,0
2025-06-01,P01,Wireless Mouse,77,0
2025-06-02,P01,Wireless Mouse,73,1
2025-06-03,P01,Wireless Mouse,76,1
2025-06-04,P01,Wireless Mouse,100,1
2025-06-05,P01,Wireless Mouse,49,0
2025-06-06,P01,Wireless Mouse,57,0
2025-06-07,P01,Wireless Mouse,82,0
2025-06-08,P01,Wireless Mouse,92,0
2025-06-09,P01,Wireless Mouse,46,0
2025-06-10,P01,Wireless Mouse,58,0
2025-06-11,P01,Wireless Mouse,73,0
2025-06-12,P01,Wireless Mouse,45,0
2025-06-13,P01,Wireless Mouse,80,1
2025-06-14,P01,Wireless Mouse,134,1
2025-06-15,P01,Wireless Mouse,77,0
2025-06-16,P01,Wireless Mouse,41,0
2025-06-17,P01,Wireless Mouse,61,0
2025-06-18,P01,Wireless Mouse,53,0
2025-06-19,P01,Wireless Mouse,71,0
2025-06-20,P01,Wireless Mouse,59,0
2025-06-21,P01,Wireless Mouse,73,0
2025-06-22,P01,Wireless Mouse,80,0
2025-06-23,P01,Wireless Mouse,63,0
2025-06-24,P01,Wireless Mouse,60,0
2025-06-25,P01,Wireless Mouse,43,0
2025-06-26,P01,Wireless Mouse,64,0
2025-06-27,P01,Wireless Mouse,55,0
2025-06-28,P01,Wireless Mouse,83,0
2025-06-29,P01,Wireless Mouse,58,0
2025-06-30,P01,Wireless Mouse,60,0
2025-07-01,P01,Wireless Mouse,50,0
2025-07-02,P01,Wireless Mouse,102,1
2025-07-03,P01,Wireless Mouse,71,1
2025-07-04,P01,Wireless Mouse,95,1
2025-07-05,P01,Wireless Mouse,81,0
2025-07-06,P01,Wireless Mouse,77,0
2025-07-07,P01,Wireless Mouse,51,0
2025-07-08,P01,Wireless Mouse,60,0
2025-07-09,P01,Wireless Mouse,53,0
2025-07-10,P01,Wireless Mouse,56,0
2025-07-11,P01,Wireless Mouse,79,0
2025-07-12,P01,Wireless Mouse,68,0
2025-07-13,P01,Wireless Mouse,47,0
2025-07-14,P01,Wireless Mouse,70,0
2025-07-15,P01,Wireless Mouse,78,0
2025-07-16,P01,Wireless Mouse,54,0
2025-07-17,P01,Wireless Mouse,42,0
2025-07-18,P01,Wireless Mouse,62,0
2025-07-19,P01,Wireless Mouse,76,0
2025-07-20,P01,Wireless Mouse,72,0
2025-07-21,P01,Wireless Mouse,47,0
2025-07-22,P01,Wireless Mouse,81,1
2025-07-23,P01,Wireless Mouse,100,1
2025-07-24,P01,Wireless Mouse,103,1
2025-07-25,P01,Wireless Mouse,93,1
2025-07-26,P01,Wireless Mouse,87,0
2025-07-27,P01,Wireless Mouse,54,0
2025-07-28,P01,Wireless Mouse,57,0
2025-07-29,P01,Wireless Mouse,52,0
2025-07-30,P01,Wireless Mouse,73,0
2025-07-31,P01,Wireless Mouse,57,0
2025-08-01,P01,Wireless Mouse,80,0
2025-08-02,P01,Wireless Mouse,66,0
2025-08-03,P01,Wireless Mouse,79,0
2025-08-04,P01,Wireless Mouse,58,0
2025-08-05,P01,Wireless Mouse,48,0
2025-08-06,P01,Wireless Mouse,58,0
2025-08-07,P01,Wireless Mouse,69,0
2025-08-08,P01,Wireless Mouse,61,0
2025-08-09,P01,Wireless Mouse,58,0
2025-08-10,P01,Wireless Mouse,72,0
2025-08-11,P01,Wireless Mouse,48,0
2025-08-12,P01,Wireless Mouse,52,0
2025-08-13,P01,Wireless Mouse,55,0
2025-08-14,P01,Wireless Mouse,43,0
2025-08-15,P01,Wireless Mouse,48,0
2025-08-16,P01,Wireless Mouse,83,0
2025-08-17,P01,Wireless Mouse,66,0
2025-08-18,P01,Wireless Mouse,34,0
2025-08-19,P01,Wireless Mouse,61,0
2025-08-20,P01,Wireless Mouse,58,0
2025-08-21,P01,Wireless Mouse,51,0
2025-08-22,P01,Wireless Mouse,50,0
2025-08-23,P01,Wireless Mouse,87,0
2025-08-24,P01,Wireless Mouse,75,0
2025-08-25,P01,Wireless Mouse,73,0
2025-08-26,P01,Wireless Mouse,57,0
2025-08-27,P01,Wireless Mouse,58,0
2025-08-28,P01,Wireless Mouse,55,0
2025-08-29,P01,Wireless Mouse,70,0
2025-08-30,P01,Wireless Mouse,83,0
2025-08-31,P01,Wireless Mouse,84,0
2025-09-01,P01,Wireless Mouse,78,1
2025-09-02,P01,Wireless Mouse,82,1
2025-09-03,P01,Wireless Mouse,68,1
2025-09-04,P01,Wireless Mouse,98,1
2025-09-05,P01,Wireless Mouse,103,1
2025-09-06,P01,Wireless Mouse,111,1
2025-09-07,P01,Wireless Mouse,61,0
2025-09-08,P01,Wireless Mouse,34,0
2025-09-09,P01,Wireless Mouse,45,0
2025-09-10,P01,Wireless Mouse,46,0
2025-09-11,P01,Wireless Mouse,54,0
2025-09-12,P01,Wireless Mouse,71,0
2025-09-13,P01,Wireless Mouse,72,0
2025-09-14,P01,Wireless Mouse,58,0
2025-09-15,P01,Wireless Mouse,52,0
2025-09-16,P01,Wireless Mouse,60,0
2025-09-17,P01,Wireless Mouse,45,0
2025-09-18,P01,Wireless Mouse,47,0
2025-09-19,P01,Wireless Mouse,65,0
2025-09-20,P01,Wireless Mouse,71,0
2025-09-21,P01,Wireless Mouse,74,0
2025-09-22,P01,Wireless Mouse,51,0
2025-09-23,P01,Wireless Mouse,57,0
2025-09-24,P01,Wireless Mouse,44,0
2025-09-25,P01,Wireless Mouse,54,0
2025-09-26,P01,Wireless Mouse,57,0
2025-09-27,P01,Wireless Mouse,59,0
2025-09-28,P01,Wireless Mouse,51,0
2025-09-29,P01,Wireless Mouse,56,0
2025-09-30,P01,Wireless Mouse,48,0
2025-10-01,P01,Wireless Mouse,63,0
2025-10-02,P01,Wireless Mouse,76,0
2025-10-03,P01,Wireless Mouse,99,0
2025-10-04,P01,Wireless Mouse,68,0
2025-10-05,P01,Wireless Mouse,74,0
2025-10-06,P01,Wireless Mouse,63,0
2025-10-07,P01,Wireless Mouse,89,0
2025-10-08,P01,Wireless Mouse,77,0
2025-10-09,P01,Wireless Mouse,85,0
2025-10-10,P01,Wireless Mouse,69,0
2025-10-11,P01,Wireless Mouse,85,0
2025-10-12,P01,Wireless Mouse,101,0
2025-10-13,P01,Wireless Mouse,73,0
2025-10-14,P01,Wireless Mouse,78,0
2025-10-15,P01,Wireless Mouse,71,0
2025-10-16,P01,Wireless Mouse,78,0
2025-10-17,P01,Wireless Mouse,85,0
2025-10-18,P01,Wireless Mouse,113,0
2025-10-19,P01,Wireless Mouse,105,0
2025-10-20,P01,Wireless Mouse,54,0
2025-10-21,P01,Wireless Mouse,47,0
2025-10-22,P01,Wireless Mouse,83,0
2025-10-23,P01,Wireless Mouse,88,0
2025-10-24,P01,Wireless Mouse,69,0
2025-10-25,P01,Wireless Mouse,72,0
2025-10-26,P01,Wireless Mouse,94,0
2025-10-27,P01,Wireless Mouse,80,0
2025-10-28,P01,Wireless Mouse,89,0
2025-10-29,P01,Wireless Mouse,77,0
2025-10-30,P01,Wireless Mouse,70,0
2025-10-31,P01,Wireless Mouse,70,0
2025-11-01,P01,Wireless Mouse,99,0
2025-11-02,P01,Wireless Mouse,88,0
2025-11-03,P01,Wireless Mouse,59,0
2025-11-04,P01,Wireless Mouse,91,0
2025-11-05,P01,Wireless Mouse,90,0
2025-11-06,P01,Wireless Mouse,85,0
2025-11-07,P01,Wireless Mouse,69,0
2025-11-08,P01,Wireless Mouse,111,0
2025-11-09,P01,Wireless Mouse,100,0
2025-11-10,P01,Wireless Mouse,74,0
2025-11-11,P01,Wireless Mouse,82,0
2025-11-12,P01,Wireless Mouse,77,0
2025-11-13,P01,Wireless Mouse,80,0
2025-11-14,P01,Wireless Mouse,87,0
2025-11-15,P01,Wireless Mouse,102,0
2025-11-16,P01,Wireless Mouse,66,0
2025-11-17,P01,Wireless Mouse,69,0
2025-11-18,P01,Wireless Mouse,63,0
2025-11-19,P01,Wireless Mouse,56,0
2025-11-20,P01,Wireless Mouse,90,0
2025-11-21,P01,Wireless Mouse,99,0
2025-11-22,P01,Wireless Mouse,117,0
2025-11-23,P01,Wireless Mouse,93,0
2025-11-24,P01,Wireless Mouse,82,0
2025-11-25,P01,Wireless Mouse,68,0
2025-11-26,P01,Wireless Mouse,71,0
2025-11-27,P01,Wireless Mouse,60,0
2025-11-28,P01,Wireless Mouse,83,0
2025-11-29,P01,Wireless Mouse,97,0
2025-11-30,P01,Wireless Mouse,72,0
2025-12-01,P01,Wireless Mouse,60,0
2025-12-02,P01,Wireless Mouse,101,1
2025-12-03,P01,Wireless Mouse,95,1
2025-12-04,P01,Wireless Mouse,107,1
2025-12-05,P01,Wireless Mouse,89,1
2025-12-06,P01,Wireless Mouse,84,0
2025-12-07,P01,Wireless Mouse,71,0
2025-12-08,P01,Wireless Mouse,49,0
2025-12-09,P01,Wireless Mouse,65,0
2025-12-10,P01,Wireless Mouse,65,0
2025-12-11,P01,Wireless Mouse,47,0
2025-12-12,P01,Wireless Mouse,69,0
2025-12-13,P01,Wireless Mouse,99,0
2025-12-14,P01,Wireless Mouse,92,0
2025-12-15,P01,Wireless Mouse,70,0
2025-12-16,P01,Wireless Mouse,61,0
2025-12-17,P01,Wireless Mouse,54,0
2025-12-18,P01,Wireless Mouse,53,0
2025-12-19,P01,Wireless Mouse,74,0
2025-12-20,P01,Wireless Mouse,91,0
2025-12-21,P01,Wireless Mouse,148,1
2025-12-22,P01,Wireless Mouse,79,1
2025-12-23,P01,Wireless Mouse,58,0
2025-12-24,P01,Wireless Mouse,64,0
2025-12-25,P01,Wireless Mouse,62,0
2025-12-26,P01,Wireless Mouse,49,0
2025-12-27,P01,Wireless Mouse,69,0
2025-12-28,P01,Wireless Mouse,57,0
2025-12-29,P01,Wireless Mouse,42,0
2025-12-30,P01,Wireless Mouse,49,0
2024-01-01,P02,Bluetooth Speaker,42,0
2024-01-02,P02,Bluetooth Speaker,28,0
2024-01-03,P02,Bluetooth Speaker,31,0
2024-01-04,P02,Bluetooth Speaker,33,0
2024-01-05,P02,Bluetooth Speaker,60,0
2024-01-06,P02,Bluetooth Speaker,44,0
2024-01-07,P02,Bluetooth Speaker,27,0
2024-01-08,P02,Bluetooth Speaker,32,0
2024-01-09,P02,Bluetooth Speaker,23,0
2024-01-10,P02,Bluetooth Speaker,23,0
2024-01-11,P02,Bluetooth Speaker,33,0
2024-01-12,P02,Bluetooth Speaker,30,0
2024-01-13,P02,Bluetooth Speaker,39,0
2024-01-14,P02,Bluetooth Speaker,34,0
2024-01-15,P02,Bluetooth Speaker,28,0
2024-01-16,P02,Bluetooth Speaker,28,0
2024-01-17,P02,Bluetooth Speaker,14,0
2024-01-18,P02,Bluetooth Speaker,32,0
2024-01-19,P02,Bluetooth Speaker,23,0
2024-01-20,P02,Bluetooth Speaker,24,0
2024-01-21,P02,Bluetooth Speaker,34,0
2024-01-22,P02,Bluetooth Speaker,27,0
2024-01-23,P02,Bluetooth Speaker,22,0
2024-01-24,P02,Bluetooth Speaker,32,0
2024-01-25,P02,Bluetooth Speaker,18,0
2024-01-26,P02,Bluetooth Speaker,27,0
2024-01-27,P02,Bluetooth Speaker,32,0
2024-01-28,P02,Bluetooth Speaker,34,0
2024-01-29,P02,Bluetooth Speaker,28,0
2024-01-30,P02,Bluetooth Speaker,20,0
2024-01-31,P02,Bluetooth Speaker,32,0
2024-02-01,P02,Bluetooth Speaker,28,0
2024-02-02,P02,Bluetooth Speaker,16,0
2024-02-03,P02,Bluetooth Speaker,19,0
2024-02-04,P02,Bluetooth Speaker,35,0
2024-02-05,P02,Bluetooth Speaker,25,0
2024-02-06,P02,Bluetooth Speaker,26,0
2024-02-07,P02,Bluetooth Speaker,27,0
2024-02-08,P02,Bluetooth Speaker,30,0
2024-02-09,P02,Bluetooth Speaker,39,0
2024-02-10,P02,Bluetooth Speaker,28,0
2024-02-11,P02,Bluetooth Speaker,25,0
2024-02-12,P02,Bluetooth Speaker,20,0
2024-02-13,P02,Bluetooth Speaker,29,0
2024-02-14,P02,Bluetooth Speaker,37,0
2024-02-15,P02,Bluetooth Speaker,26,0
2024-02-16,P02,Bluetooth Speaker,12,0
2024-02-17,P02,Bluetooth Speaker,22,0
2024-02-18,P02,Bluetooth Speaker,29,0
2024-02-19,P02,Bluetooth Speaker,24,0
2024-02-20,P02,Bluetooth Speaker,25,0
2024-02-21,P02,Bluetooth Speaker,29,0
2024-02-22,P02,Bluetooth Speaker,27,0
2024-02-23,P02,Bluetooth Speaker,41,0
2024-02-24,P02,Bluetooth Speaker,33,0
2024-02-25,P02,Bluetooth Speaker,29,0
2024-02-26,P02,Bluetooth Speaker,32,0
2024-02-27,P02,Bluetooth Speaker,17,0
2024-02-28,P02,Bluetooth Speaker,32,0
2024-02-29,P02,Bluetooth Speaker,31,0
2024-03-01,P02,Bluetooth Speaker,32,0
2024-03-02,P02,Bluetooth Speaker,57,0
2024-03-03,P02,Bluetooth Speaker,32,0
2024-03-04,P02,Bluetooth Speaker,44,0
2024-03-05,P02,Bluetooth Speaker,27,0
2024-03-06,P02,Bluetooth Speaker,20,0
2024-03-07,P02,Bluetooth Speaker,31,0
2024-03-08,P02,Bluetooth Speaker,25,0
2024-03-09,P02,Bluetooth Speaker,34,0
2024-03-10,P02,Bluetooth Speaker,42,0
2024-03-11,P02,Bluetooth Speaker,33,0
2024-03-12,P02,Bluetooth Speaker,25,0
2024-03-13,P02,Bluetooth Speaker,37,0
2024-03-14,P02,Bluetooth Speaker,40,0
2024-03-15,P02,Bluetooth Speaker,47,0
2024-03-16,P02,Bluetooth Speaker,48,0
2024-03-17,P02,Bluetooth Speaker,53,0
2024-03-18,P02,Bluetooth Speaker,16,0
2024-03-19,P02,Bluetooth Speaker,28,0
2024-03-20,P02,Bluetooth Speaker,24,0
2024-03-21,P02,Bluetooth Speaker,33,0
2024-03-22,P02,Bluetooth Speaker,30,0
2024-03-23,P02,Bluetooth Speaker,41,0
2024-03-24,P02,Bluetooth Speaker,59,0
2024-03-25,P02,Bluetooth Speaker,29,0
2024-03-26,P02,Bluetooth Speaker,34,0
2024-03-27,P02,Bluetooth Speaker,29,0
2024-03-28,P02,Bluetooth Speaker,33,0
2024-03-29,P02,Bluetooth Speaker,36,0
2024-03-30,P02,Bluetooth Speaker,49,0
2024-03-31,P02,Bluetooth Speaker,52,0
2024-04-01,P02,Bluetooth Speaker,44,0
2024-04-02,P02,Bluetooth Speaker,33,0
2024-04-03,P02,Bluetooth Speaker,36,0
2024-04-04,P02,Bluetooth Speaker,23,0
2024-04-05,P02,Bluetooth Speaker,35,0
2024-04-06,P02,Bluetooth Speaker,55,0
2024-04-07,P02,Bluetooth Speaker,50,0
2024-04-08,P02,Bluetooth Speaker,33,0
2024-04-09,P02,Bluetooth Speaker,39,0
2024-04-10,P02,Bluetooth Speaker,36,0
2024-04-11,P02,Bluetooth Speaker,43,0
2024-04-12,P02,Bluetooth Speaker,40,0
2024-04-13,P02,Bluetooth Speaker,41,0
2024-04-14,P02,Bluetooth Speaker,46,0
2024-04-15,P02,Bluetooth Speaker,9,0
2024-04-16,P02,Bluetooth Speaker,5,1
2024-04-17,P02,Bluetooth Speaker,54,1
2024-04-18,P02,Bluetooth Speaker,38,0
2024-04-19,P02,Bluetooth Speaker,27,0
2024-04-20,P02,Bluetooth Speaker,38,0
2024-04-21,P02,Bluetooth Speaker,57,0
2024-04-22,P02,Bluetooth Speaker,29,0
2024-04-23,P02,Bluetooth Speaker,51,1
2024-04-24,P02,Bluetooth Speaker,76,1
2024-04-25,P02,Bluetooth Speaker,36,0
2024-04-26,P02,Bluetooth Speaker,29,0
2024-04-27,P02,Bluetooth Speaker,46,0
2024-04-28,P02,Bluetooth Speaker,43,0
2024-04-29,P02,Bluetooth Speaker,22,0
2024-04-30,P02,Bluetooth Speaker,31,0
2024-05-01,P02,Bluetooth Speaker,28,0
2024-05-02,P02,Bluetooth Speaker,43,0
2024-05-03,P02,Bluetooth Speaker,39,0
2024-05-04,P02,Bluetooth Speaker,44,0
2024-05-05,P02,Bluetooth Speaker,43,0
2024-05-06,P02,Bluetooth Speaker,35,0
2024-05-07,P02,Bluetooth Speaker,42,1
2024-05-08,P02,Bluetooth Speaker,70,1
2024-05-09,P02,Bluetooth Speaker,36,1
2024-05-10,P02,Bluetooth Speaker,44,0
2024-05-11,P02,Bluetooth Speaker,54,0
2024-05-12,P02,Bluetooth Speaker,28,0
2024-05-13,P02,Bluetooth Speaker,36,0
2024-05-14,P02,Bluetooth Speaker,40,0
2024-05-15,P02,Bluetooth Speaker,38,0
2024-05-16,P02,Bluetooth Speaker,42,0
2024-05-17,P02,Bluetooth Speaker,26,0
2024-05-18,P02,Bluetooth Speaker,53,0
2024-05-19,P02,Bluetooth Speaker,42,0
2024-05-20,P02,Bluetooth Speaker,30,0
2024-05-21,P02,Bluetooth Speaker,42,0
2024-05-22,P02,Bluetooth Speaker,48,0
2024-05-23,P02,Bluetooth Speaker,70,1
2024-05-24,P02,Bluetooth Speaker,64,1
2024-05-25,P02,Bluetooth Speaker,81,1
2024-05-26,P02,Bluetooth Speaker,92,1
2024-05-27,P02,Bluetooth Speaker,34,0
2024-05-28,P02,Bluetooth Speaker,28,0
2024-05-29,P02,Bluetooth Speaker,32,0
2024-05-30,P02,Bluetooth Speaker,43,0
2024-05-31,P02,Bluetooth Speaker,40,0
2024-06-01,P02,Bluetooth Speaker,54,0
2024-06-02,P02,Bluetooth Speaker,65,1
2024-06-03,P02,Bluetooth Speaker,60,1
2024-06-04,P02,Bluetooth Speaker,68,1
2024-06-05,P02,Bluetooth Speaker,31,0
2024-06-06,P02,Bluetooth Speaker,22,0
2024-06-07,P02,Bluetooth Speaker,30,0
2024-06-08,P02,Bluetooth Speaker,37,0
2024-06-09,P02,Bluetooth Speaker,47,0
2024-06-10,P02,Bluetooth Speaker,33,0
2024-06-11,P02,Bluetooth Speaker,32,0
2024-06-12,P02,Bluetooth Speaker,42,0
2024-06-13,P02,Bluetooth Speaker,40,0
2024-06-14,P02,Bluetooth Speaker,44,0
2024-06-15,P02,Bluetooth Speaker,56,0
2024-06-16,P02,Bluetooth Speaker,54,0
2024-06-17,P02,Bluetooth Speaker,17,0
2024-06-18,P02,Bluetooth Speaker,32,0
2024-06-19,P02,Bluetooth Speaker,17,0
2024-06-20,P02,Bluetooth Speaker,38,0
2024-06-21,P02,Bluetooth Speaker,41,0
2024-06-22,P02,Bluetooth Speaker,64,0
2024-06-23,P02,Bluetooth Speaker,61,0
2024-06-24,P02,Bluetooth Speaker,37,0
2024-06-25,P02,Bluetooth Speaker,63,1
2024-06-26,P02,Bluetooth Speaker,53,1
2024-06-27,P02,Bluetooth Speaker,50,1
2024-06-28,P02,Bluetooth Speaker,50,0
2024-06-29,P02,Bluetooth Speaker,59,0
2024-06-30,P02,Bluetooth Speaker,36,0
2024-07-01,P02,Bluetooth Speaker,44,0
2024-07-02,P02,Bluetooth Speaker,42,0
2024-07-03,P02,Bluetooth Speaker,37,0
2024-07-04,P02,Bluetooth Speaker,30,0
2024-07-05,P02,Bluetooth Speaker,32,0
2024-07-06,P02,Bluetooth Speaker,44,0
2024-07-07,P02,Bluetooth Speaker,53,0
2024-07-08,P02,Bluetooth Speaker,27,0
2024-07-09,P02,Bluetooth Speaker,42,1
2024-07-10,P02,Bluetooth Speaker,60,1
2024-07-11,P02,Bluetooth Speaker,37,1
2024-07-12,P02,Bluetooth Speaker,57,0
2024-07-13,P02,Bluetooth Speaker,53,0
2024-07-14,P02,Bluetooth Speaker,52,0
2024-07-15,P02,Bluetooth Speaker,37,0
2024-07-16,P02,Bluetooth Speaker,40,0
2024-07-17,P02,Bluetooth Speaker,35,0
2024-07-18,P02,Bluetooth Speaker,51,0
2024-07-19,P02,Bluetooth Speaker,37,0
2024-07-20,P02,Bluetooth Speaker,65,0
2024-07-21,P02,Bluetooth Speaker,39,0
2024-07-22,P02,Bluetooth Speaker,35,0
2024-07-23,P02,Bluetooth Speaker,26,0
2024-07-24,P02,Bluetooth Speaker,40,0
2024-07-25,P02,Bluetooth Speaker,51,0
2024-07-26,P02,Bluetooth Speaker,40,0
2024-07-27,P02,Bluetooth Speaker,48,0
2024-07-28,P02,Bluetooth Speaker,34,0
2024-07-29,P02,Bluetooth Speaker,33,0
2024-07-30,P02,Bluetooth Speaker,21,0
2024-07-31,P02,Bluetooth Speaker,28,0
2024-08-01,P02,Bluetooth Speaker,39,0
2024-08-02,P02,Bluetooth Speaker,55,0
2024-08-03,P02,Bluetooth Speaker,86,0
2024-08-04,P02,Bluetooth Speaker,40,0
2024-08-05,P02,Bluetooth Speaker,48,0
2024-08-06,P02,Bluetooth Speaker,37,0
2024-08-07,P02,Bluetooth Speaker,35,0
2024-08-08,P02,Bluetooth Speaker,41,0
2024-08-09,P02,Bluetooth Speaker,41,0
2024-08-10,P02,Bluetooth Speaker,51,0
2024-08-11,P02,Bluetooth Speaker,42,0
2024-08-12,P02,Bluetooth Speaker,23,0
2024-08-13,P02,Bluetooth Speaker,22,0
2024-08-14,P02,Bluetooth Speaker,42,0
2024-08-15,P02,Bluetooth Speaker,34,0
2024-08-16,P02,Bluetooth Speaker,34,0
2024-08-17,P02,Bluetooth Speaker,50,0
2024-08-18,P02,Bluetooth Speaker,55,0
2024-08-19,P02,Bluetooth Speaker,36,0
2024-08-20,P02,Bluetooth Speaker,29,0
2024-08-21,P02,Bluetooth Speaker,46,0
2024-08-22,P02,Bluetooth Speaker,51,0
2024-08-23,P02,Bluetooth Speaker,45,0
2024-08-24,P02,Bluetooth Speaker,61,0
2024-08-25,P02,Bluetooth Speaker,60,0
2024-08-26,P02,Bluetooth Speaker,44,0
2024-08-27,P02,Bluetooth Speaker,40,0
2024-08-28,P02,Bluetooth Speaker,40,0
2024-08-29,P02,Bluetooth Speaker,41,0
2024-08-30,P02,Bluetooth Speaker,29,0
2024-08-31,P02,Bluetooth Speaker,57,0
2024-09-01,P02,Bluetooth Speaker,30,0
2024-09-02,P02,Bluetooth Speaker,27,0
2024-09-03,P02,Bluetooth Speaker,45,0
2024-09-04,P02,Bluetooth Speaker,42,0
2024-09-05,P02,Bluetooth Speaker,54,1
2024-09-06,P02,Bluetooth Speaker,56,1
2024-09-07,P02,Bluetooth Speaker,67,1
2024-09-08,P02,Bluetooth Speaker,54,1
2024-09-09,P02,Bluetooth Speaker,37,0
2024-09-10,P02,Bluetooth Speaker,26,0
2024-09-11,P02,Bluetooth Speaker,38,0
2024-09-12,P02,Bluetooth Speaker,36,0
2024-09-13,P02,Bluetooth Speaker,54,1
2024-09-14,P02,Bluetooth Speaker,59,1
2024-09-15,P02,Bluetooth Speaker,64,0
2024-09-16,P02,Bluetooth Speaker,33,0
2024-09-17,P02,Bluetooth Speaker,31,0
2024-09-18,P02,Bluetooth Speaker,16,0
2024-09-19,P02,Bluetooth Speaker,27,0
2024-09-20,P02,Bluetooth Speaker,36,0
2024-09-21,P02,Bluetooth Speaker,39,0
2024-09-22,P02,Bluetooth Speaker,59,0
2024-09-23,P02,Bluetooth Speaker,32,0
2024-09-24,P02,Bluetooth Speaker,44,0
2024-09-25,P02,Bluetooth Speaker,34,0
2024-09-26,P02,Bluetooth Speaker,35,0
2024-09-27,P02,Bluetooth Speaker,37,0
2024-09-28,P02,Bluetooth Speaker,47,0
2024-09-29,P02,Bluetooth Speaker,62,0
2024-09-30,P02,Bluetooth Speaker,14,0
2024-10-01,P02,Bluetooth Speaker,24,0
2024-10-02,P02,Bluetooth Speaker,42,0
2024-10-03,P02,Bluetooth Speaker,50,0
2024-10-04,P02,Bluetooth Speaker,64,0
2024-10-05,P02,Bluetooth Speaker,75,0
2024-10-06,P02,Bluetooth Speaker,56,0
2024-10-07,P02,Bluetooth Speaker,81,1
2024-10-08,P02,Bluetooth Speaker,85,1
2024-10-09,P02,Bluetooth Speaker,56,1
2024-10-10,P02,Bluetooth Speaker,75,1
2024-10-11,P02,Bluetooth Speaker,54,0
2024-10-12,P02,Bluetooth Speaker,91,0
2024-10-13,P02,Bluetooth Speaker,24,0
2024-10-14,P02,Bluetooth Speaker,30,0
2024-10-15,P02,Bluetooth Speaker,33,0
2024-10-16,P02,Bluetooth Speaker,43,0
2024-10-17,P02,Bluetooth Speaker,46,0
2024-10-18,P02,Bluetooth Speaker,34,0
2024-10-19,P02,Bluetooth Speaker,50,0
2024-10-20,P02,Bluetooth Speaker,48,0
2024-10-21,P02,Bluetooth Speaker,75,0
2024-10-22,P02,Bluetooth Speaker,67,0
2024-10-23,P02,Bluetooth Speaker,42,0
2024-10-24,P02,Bluetooth Speaker,44,0
2024-10-25,P02,Bluetooth Speaker,38,0
2024-10-26,P02,Bluetooth Speaker,34,0
2024-10-27,P02,Bluetooth Speaker,59,0
2024-10-28,P02,Bluetooth Speaker,34,0
2024-10-29,P02,Bluetooth Speaker,45,0
2024-10-30,P02,Bluetooth Speaker,28,0
2024-10-31,P02,Bluetooth Speaker,39,0
2024-11-01,P02,Bluetooth Speaker,55,0
2024-11-02,P02,Bluetooth Speaker,71,0
2024-11-03,P02,Bluetooth Speaker,66,0
2024-11-04,P02,Bluetooth Speaker,30,0
2024-11-05,P02,Bluetooth Speaker,55,0
2024-11-06,P02,Bluetooth Speaker,37,0
2024-11-07,P02,Bluetooth Speaker,55,0
2024-11-08,P02,Bluetooth Speaker,52,0
2024-11-09,P02,Bluetooth Speaker,42,0
2024-11-10,P02,Bluetooth Speaker,55,0
2024-11-11,P02,Bluetooth Speaker,49,0
2024-11-12,P02,Bluetooth Speaker,52,0
2024-11-13,P02,Bluetooth Speaker,44,0
2024-11-14,P02,Bluetooth Speaker,66,0
2024-11-15,P02,Bluetooth Speaker,65,0
2024-11-16,P02,Bluetooth Speaker,60,0
2024-11-17,P02,Bluetooth Speaker,70,0
2024-11-18,P02,Bluetooth Speaker,67,0
2024-11-19,P02,Bluetooth Speaker,67,0
2024-11-20,P02,Bluetooth Speaker,32,0
2024-11-21,P02,Bluetooth Speaker,36,0
2024-11-22,P02,Bluetooth Speaker,71,0
2024-11-23,P02,Bluetooth Speaker,47,0
2024-11-24,P02,Bluetooth Speaker,40,0
2024-11-25,P02,Bluetooth Speaker,39,0
2024-11-26,P02,Bluetooth Speaker,50,0
2024-11-27,P02,Bluetooth Speaker,45,0
2024-11-28,P02,Bluetooth Speaker,39,0
2024-11-29,P02,Bluetooth Speaker,61,1
2024-11-30,P02,Bluetooth Speaker,132,1
2024-12-01,P02,Bluetooth Speaker,91,1
2024-12-02,P02,Bluetooth Speaker,53,1
2024-12-03,P02,Bluetooth Speaker,33,0
2024-12-04,P02,Bluetooth Speaker,14,0
2024-12-05,P02,Bluetooth Speaker,28,0
2024-12-06,P02,Bluetooth Speaker,25,0
2024-12-07,P02,Bluetooth Speaker,25,0
2024-12-08,P02,Bluetooth Speaker,37,0
2024-12-09,P02,Bluetooth Speaker,53,0
2024-12-10,P02,Bluetooth Speaker,40,0
2024-12-11,P02,Bluetooth Speaker,54,0
2024-12-12,P02,Bluetooth Speaker,47,0
2024-12-13,P02,Bluetooth Speaker,56,0
2024-12-14,P02,Bluetooth Speaker,44,0
2024-12-15,P02,Bluetooth Speaker,60,0
2024-12-16,P02,Bluetooth Speaker,48,0
2024-12-17,P02,Bluetooth Speaker,34,0
2024-12-18,P02,Bluetooth Speaker,47,0
2024-12-19,P02,Bluetooth Speaker,48,0
2024-12-20,P02,Bluetooth Speaker,40,0
2024-12-21,P02,Bluetooth Speaker,41,0
2024-12-22,P02,Bluetooth Speaker,37,0
2024-12-23,P02,Bluetooth Speaker,41,0
2024-12-24,P02,Bluetooth Speaker,44,0
2024-12-25,P02,Bluetooth Speaker,33,0
2024-12-26,P02,Bluetooth Speaker,33,0
2024-12-27,P02,Bluetooth Speaker,41,0
2024-12-28,P02,Bluetooth Speaker,51,0
2024-12-29,P02,Bluetooth Speaker,57,0
2024-12-30,P02,Bluetooth Speaker,41,0
2024-12-31,P02,Bluetooth Speaker,23,0
2025-01-01,P02,Bluetooth Speaker,52,0
2025-01-02,P02,Bluetooth Speaker,33,0
2025-01-03,P02,Bluetooth Speaker,53,0
2025-01-04,P02,Bluetooth Speaker,52,0
2025-01-05,P02,Bluetooth Speaker,43,0
2025-01-06,P02,Bluetooth Speaker,17,0
2025-01-07,P02,Bluetooth Speaker,30,0
2025-01-08,P02,Bluetooth Speaker,20,0
2025-01-09,P02,Bluetooth Speaker,41,0
2025-01-10,P02,Bluetooth Speaker,51,0
2025-01-11,P02,Bluetooth Speaker,36,0
2025-01-12,P02,Bluetooth Speaker,45,0
2025-01-13,P02,Bluetooth Speaker,26,0
2025-01-14,P02,Bluetooth Speaker,27,0
2025-01-15,P02,Bluetooth Speaker,39,0
2025-01-16,P02,Bluetooth Speaker,33,0
2025-01-17,P02,Bluetooth Speaker,53,0
2025-01-18,P02,Bluetooth Speaker,40,0
2025-01-19,P02,Bluetooth Speaker,53,0
2025-01-20,P02,Bluetooth Speaker,33,0
2025-01-21,P02,Bluetooth Speaker,39,0
2025-01-22,P02,Bluetooth Speaker,29,0
2025-01-23,P02,Bluetooth Speaker,34,0
2025-01-24,P02,Bluetooth Speaker,36,0
2025-01-25,P02,Bluetooth Speaker,36,0
2025-01-26,P02,Bluetooth Speaker,50,0
2025-01-27,P02,Bluetooth Speaker,38,0
2025-01-28,P02,Bluetooth Speaker,37,0
2025-01-29,P02,Bluetooth Speaker,46,0
2025-01-30,P02,Bluetooth Speaker,47,0
2025-01-31,P02,Bluetooth Speaker,34,0
2025-02-01,P02,Bluetooth Speaker,51,0
2025-02-02,P02,Bluetooth Speaker,37,0
2025-02-03,P02,Bluetooth Speaker,33,0
2025-02-04,P02,Bluetooth Speaker,28,0
2025-02-05,P02,Bluetooth Speaker,48,0
2025-02-06,P02,Bluetooth Speaker,38,0
2025-02-07,P02,Bluetooth Speaker,36,0
2025-02-08,P02,Bluetooth Speaker,62,0
2025-02-09,P02,Bluetooth Speaker,20,0
2025-02-10,P02,Bluetooth Speaker,17,0
2025-02-11,P02,Bluetooth Speaker,40,0
2025-02-12,P02,Bluetooth Speaker,35,0
2025-02-13,P02,Bluetooth Speaker,38,0
2025-02-14,P02,Bluetooth Speaker,26,0
2025-02-15,P02,Bluetooth Speaker,48,0
2025-02-16,P02,Bluetooth Speaker,67,0
2025-02-17,P02,Bluetooth Speaker,41,0
2025-02-18,P02,Bluetooth Speaker,36,0
2025-02-19,P02,Bluetooth Speaker,31,0
2025-02-20,P02,Bluetooth Speaker,33,0
2025-02-21,P02,Bluetooth Speaker,19,0
2025-02-22,P02,Bluetooth Speaker,52,0
2025-02-23,P02,Bluetooth Speaker,55,0
2025-02-24,P02,Bluetooth Speaker,21,0
2025-02-25,P02,Bluetooth Speaker,29,0
2025-02-26,P02,Bluetooth Speaker,25,0
2025-02-27,P02,Bluetooth Speaker,28,0
2025-02-28,P02,Bluetooth Speaker,41,0
2025-03-01,P02,Bluetooth Speaker,24,0
2025-03-02,P02,Bluetooth Speaker,53,0
2025-03-03,P02,Bluetooth Speaker,42,0
2025-03-04,P02,Bluetooth Speaker,33,0
2025-03-05,P02,Bluetooth Speaker,14,0
2025-03-06,P02,Bluetooth Speaker,28,0
2025-03-07,P02,Bluetooth Speaker,54,0
2025-03-08,P02,Bluetooth Speaker,16,0
2025-03-09,P02,Bluetooth Speaker,43,0
2025-03-10,P02,Bluetooth Speaker,25,0
2025-03-11,P02,Bluetooth Speaker,43,0
2025-03-12,P02,Bluetooth Speaker,31,0
2025-03-13,P02,Bluetooth Speaker,42,0
2025-03-14,P02,Bluetooth Speaker,48,0
2025-03-15,P02,Bluetooth Speaker,75,0
2025-03-16,P02,Bluetooth Speaker,46,0
2025-03-17,P02,Bluetooth Speaker,40,0
2025-03-18,P02,Bluetooth Speaker,23,0
2025-03-19,P02,Bluetooth Speaker,49,0
2025-03-20,P02,Bluetooth Speaker,31,0
2025-03-21,P02,Bluetooth Speaker,37,0
2025-03-22,P02,Bluetooth Speaker,52,0
2025-03-23,P02,Bluetooth Speaker,30,0
2025-03-24,P02,Bluetooth Speaker,39,0
2025-03-25,P02,Bluetooth Speaker,46,0
2025-03-26,P02,Bluetooth Speaker,41,0
2025-03-27,P02,Bluetooth Speaker,24,0
2025-03-28,P02,Bluetooth Speaker,42,0
2025-03-29,P02,Bluetooth Speaker,64,0
2025-03-30,P02,Bluetooth Speaker,26,0
2025-03-31,P02,Bluetooth Speaker,28,0
2025-04-01,P02,Bluetooth Speaker,46,0
2025-04-02,P02,Bluetooth Speaker,42,0
2025-04-03,P02,Bluetooth Speaker,44,0
2025-04-04,P02,Bluetooth Speaker,65,0
2025-04-05,P02,Bluetooth Speaker,61,0
2025-04-06,P02,Bluetooth Speaker,59,0
2025-04-07,P02,Bluetooth Speaker,65,0
2025-04-08,P02,Bluetooth Speaker,37,0
2025-04-09,P02,Bluetooth Speaker,32,0
2025-04-10,P02,Bluetooth Speaker,67,1
2025-04-11,P02,Bluetooth Speaker,51,1
2025-04-12,P02,Bluetooth Speaker,87,0
2025-04-13,P02,Bluetooth Speaker,56,0
2025-04-14,P02,Bluetooth Speaker,32,0
2025-04-15,P02,Bluetooth Speaker,48,0
2025-04-16,P02,Bluetooth Speaker,39,0
2025-04-17,P02,Bluetooth Speaker,39,0
2025-04-18,P02,Bluetooth Speaker,52,0
2025-04-19,P02,Bluetooth Speaker,38,0
2025-04-20,P02,Bluetooth Speaker,57,0
2025-04-21,P02,Bluetooth Speaker,59,0
2025-04-22,P02,Bluetooth Speaker,45,0
2025-04-23,P02,Bluetooth Speaker,37,0
2025-04-24,P02,Bluetooth Speaker,37,0
2025-04-25,P02,Bluetooth Speaker,42,0
2025-04-26,P02,Bluetooth Speaker,54,0
2025-04-27,P02,Bluetooth Speaker,48,0
2025-04-28,P02,Bluetooth Speaker,50,0
2025-04-29,P02,Bluetooth Speaker,23,0
2025-04-30,P02,Bluetooth Speaker,53,1
2025-05-01,P02,Bluetooth Speaker,43,1
2025-05-02,P02,Bluetooth Speaker,83,1
2025-05-03,P02,Bluetooth Speaker,57,1
2025-05-04,P02,Bluetooth Speaker,100,1
2025-05-05,P02,Bluetooth Speaker,68,1
2025-05-06,P02,Bluetooth Speaker,45,0
2025-05-07,P02,Bluetooth Speaker,48,0
2025-05-08,P02,Bluetooth Speaker,45,0
2025-05-09,P02,Bluetooth Speaker,51,0
2025-05-10,P02,Bluetooth Speaker,80,0
2025-05-11,P02,Bluetooth Speaker,71,0
2025-05-12,P02,Bluetooth Speaker,12,0
2025-05-13,P02,Bluetooth Speaker,38,0
2025-05-14,P02,Bluetooth Speaker,41,0
2025-05-15,P02,Bluetooth Speaker,25,0
2025-05-16,P02,Bluetooth Speaker,50,0
2025-05-17,P02,Bluetooth Speaker,78,0
2025-05-18,P02,Bluetooth Speaker,40,0
2025-05-19,P02,Bluetooth Speaker,45,0
2025-05-20,P02,Bluetooth Speaker,32,0
2025-05-21,P02,Bluetooth Speaker,36,0
2025-05-22,P02,Bluetooth Speaker,61,0
2025-05-23,P02,Bluetooth Speaker,42,0
2025-05-24,P02,Bluetooth Speaker,67,0
2025-05-25,P02,Bluetooth Speaker,30,0
2025-05-26,P02,Bluetooth Speaker,62,0
2025-05-27,P02,Bluetooth Speaker,49,0
2025-05-28,P02,Bluetooth Speaker,41,0
2025-05-29,P02,Bluetooth Speaker,51,0
2025-05-30,P02,Bluetooth Speaker,32,0
2025-05-31,P02,Bluetooth Speaker,78,0
2025-06-01,P02,Bluetooth Speaker,52,0
2025-06-02,P02,Bluetooth Speaker,41,0
2025-06-03,P02,Bluetooth Speaker,38,0
2025-06-04,P02,Bluetooth Speaker,37,0
2025-06-05,P02,Bluetooth Speaker,53,0
2025-06-06,P02,Bluetooth Speaker,53,0
2025-06-07,P02,Bluetooth Speaker,71,0
2025-06-08,P02,Bluetooth Speaker,56,0
2025-06-09,P02,Bluetooth Speaker,49,0
2025-06-10,P02,Bluetooth Speaker,39,0
2025-06-11,P02,Bluetooth Speaker,69,0
2025-06-12,P02,Bluetooth Speaker,28,0
2025-06-13,P02,Bluetooth Speaker,66,0
2025-06-14,P02,Bluetooth Speaker,82,0
2025-06-15,P02,Bluetooth Speaker,45,0
2025-06-16,P02,Bluetooth Speaker,67,0
2025-06-17,P02,Bluetooth Speaker,54,0
2025-06-18,P02,Bluetooth Speaker,55,0
2025-06-19,P02,Bluetooth Speaker,46,0
2025-06-20,P02,Bluetooth Speaker,47,0
2025-06-21,P02,Bluetooth Speaker,58,0
2025-06-22,P02,Bluetooth Speaker,63,0
2025-06-23,P02,Bluetooth Speaker,59,0
2025-06-24,P02,Bluetooth Speaker,45,0
2025-06-25,P02,Bluetooth Speaker,34,0
2025-06-26,P02,Bluetooth Speaker,55,0
2025-06-27,P02,Bluetooth Speaker,62,0
2025-06-28,P02,Bluetooth Speaker,72,0
2025-06-29,P02,Bluetooth Speaker,68,0
2025-06-30,P02,Bluetooth Speaker,41,0
2025-07-01,P02,Bluetooth Speaker,33,0
2025-07-02,P02,Bluetooth Speaker,35,0
2025-07-03,P02,Bluetooth Speaker,27,0
2025-07-04,P02,Bluetooth Speaker,53,0
2025-07-05,P02,Bluetooth Speaker,61,0
2025-07-06,P02,Bluetooth Speaker,51,0
2025-07-07,P02,Bluetooth Speaker,11,0
2025-07-08,P02,Bluetooth Speaker,30,0
2025-07-09,P02,Bluetooth Speaker,57,0
2025-07-10,P02,Bluetooth Speaker,38,0
2025-07-11,P02,Bluetooth Speaker,55,0
2025-07-12,P02,Bluetooth Speaker,40,0
2025-07-13,P02,Bluetooth Speaker,78,0
2025-07-14,P02,Bluetooth Speaker,42,0
2025-07-15,P02,Bluetooth Speaker,47,0
2025-07-16,P02,Bluetooth Speaker,70,0
2025-07-17,P02,Bluetooth Speaker,63,0
2025-07-18,P02,Bluetooth Speaker,46,0
2025-07-19,P02,Bluetooth Speaker,53,0
2025-07-20,P02,Bluetooth Speaker,52,0
2025-07-21,P02,Bluetooth Speaker,49,0
2025-07-22,P02,Bluetooth Speaker,42,0
2025-07-23,P02,Bluetooth Speaker,40,0
2025-07-24,P02,Bluetooth Speaker,62,0
2025-07-25,P02,Bluetooth Speaker,49,0
2025-07-26,P02,Bluetooth Speaker,97,0
2025-07-27,P02,Bluetooth Speaker,58,0
2025-07-28,P02,Bluetooth Speaker,62,0
2025-07-29,P02,Bluetooth Speaker,47,0
2025-07-30,P02,Bluetooth Speaker,55,0
2025-07-31,P02,Bluetooth Speaker,37,0
2025-08-01,P02,Bluetooth Speaker,39,0
2025-08-02,P02,Bluetooth Speaker,68,0
2025-08-03,P02,Bluetooth Speaker,71,0
2025-08-04,P02,Bluetooth Speaker,43,0
2025-08-05,P02,Bluetooth Speaker,29,0
2025-08-06,P02,Bluetooth Speaker,29,0
2025-08-07,P02,Bluetooth Speaker,29,0
2025-08-08,P02,Bluetooth Speaker,28,0
2025-08-09,P02,Bluetooth Speaker,62,0
2025-08-10,P02,Bluetooth Speaker,72,0
2025-08-11,P02,Bluetooth Speaker,43,0
2025-08-12,P02,Bluetooth Speaker,19,0
2025-08-13,P02,Bluetooth Speaker,41,0
2025-08-14,P02,Bluetooth Speaker,43,0
2025-08-15,P02,Bluetooth Speaker,75,0
2025-08-16,P02,Bluetooth Speaker,38,0
2025-08-17,P02,Bluetooth Speaker,50,0
2025-08-18,P02,Bluetooth Speaker,60,0
2025-08-19,P02,Bluetooth Speaker,47,0
2025-08-20,P02,Bluetooth Speaker,49,0
2025-08-21,P02,Bluetooth Speaker,46,0
2025-08-22,P02,Bluetooth Speaker,53,0
2025-08-23,P02,Bluetooth Speaker,71,0
2025-08-24,P02,Bluetooth Speaker,44,0
2025-08-25,P02,Bluetooth Speaker,51,0
2025-08-26,P02,Bluetooth Speaker,28,0
2025-08-27,P02,Bluetooth Speaker,46,0
2025-08-28,P02,Bluetooth Speaker,46,0
2025-08-29,P02,Bluetooth Speaker,41,0
2025-08-30,P02,Bluetooth Speaker,59,0
2025-08-31,P02,Bluetooth Speaker,46,0
2025-09-01,P02,Bluetooth Speaker,30,0
2025-09-02,P02,Bluetooth Speaker,38,0
2025-09-03,P02,Bluetooth Speaker,31,0
2025-09-04,P02,Bluetooth Speaker,47,0
2025-09-05,P02,Bluetooth Speaker,34,0
2025-09-06,P02,Bluetooth Speaker,69,0
2025-09-07,P02,Bluetooth Speaker,38,0
2025-09-08,P02,Bluetooth Speaker,35,0
2025-09-09,P02,Bluetooth Speaker,35,0
2025-09-10,P02,Bluetooth Speaker,56,0
2025-09-11,P02,Bluetooth Speaker,56,1
2025-09-12,P02,Bluetooth Speaker,33,1
2025-09-13,P02,Bluetooth Speaker,57,0
2025-09-14,P02,Bluetooth Speaker,80,0
2025-09-15,P02,Bluetooth Speaker,42,0
2025-09-16,P02,Bluetooth Speaker,41,0
2025-09-17,P02,Bluetooth Speaker,47,0
2025-09-18,P02,Bluetooth Speaker,52,0
2025-09-19,P02,Bluetooth Speaker,23,0
2025-09-20,P02,Bluetooth Speaker,33,0
2025-09-21,P02,Bluetooth Speaker,56,0
2025-09-22,P02,Bluetooth Speaker,33,0
2025-09-23,P02,Bluetooth Speaker,53,0
2025-09-24,P02,Bluetooth Speaker,38,0
2025-09-25,P02,Bluetooth Speaker,22,0
2025-09-26,P02,Bluetooth Speaker,32,0
2025-09-27,P02,Bluetooth Speaker,18,0
2025-09-28,P02,Bluetooth Speaker,49,0
2025-09-29,P02,Bluetooth Speaker,38,0
2025-09-30,P02,Bluetooth Speaker,36,0
2025-10-01,P02,Bluetooth Speaker,75,0
2025-10-02,P02,Bluetooth Speaker,79,0
2025-10-03,P02,Bluetooth Speaker,64,0
2025-10-04,P02,Bluetooth Speaker,38,0
2025-10-05,P02,Bluetooth Speaker,87,0
2025-10-06,P02,Bluetooth Speaker,65,0
2025-10-07,P02,Bluetooth Speaker,61,0
2025-10-08,P02,Bluetooth Speaker,72,0
2025-10-09,P02,Bluetooth Speaker,42,0
2025-10-10,P02,Bluetooth Speaker,99,0
2025-10-11,P02,Bluetooth Speaker,61,0
2025-10-12,P02,Bluetooth Speaker,88,0
2025-10-13,P02,Bluetooth Speaker,33,0
2025-10-14,P02,Bluetooth Speaker,43,0
2025-10-15,P02,Bluetooth Speaker,79,0
2025-10-16,P02,Bluetooth Speaker,55,0
2025-10-17,P02,Bluetooth Speaker,79,0
2025-10-18,P02,Bluetooth Speaker,84,0
2025-10-19,P02,Bluetooth Speaker,72,0
2025-10-20,P02,Bluetooth Speaker,75,0
2025-10-21,P02,Bluetooth Speaker,52,1
2025-10-22,P02,Bluetooth Speaker,99,1
2025-10-23,P02,Bluetooth Speaker,49,1
2025-10-24,P02,Bluetooth Speaker,73,1
2025-10-25,P02,Bluetooth Speaker,76,1
2025-10-26,P02,Bluetooth Speaker,94,1
2025-10-27,P02,Bluetooth Speaker,91,1
2025-10-28,P02,Bluetooth Speaker,53,0
2025-10-29,P02,Bluetooth Speaker,51,0
2025-10-30,P02,Bluetooth Speaker,60,0
2025-10-31,P02,Bluetooth Speaker,51,0
2025-11-01,P02,Bluetooth Speaker,56,0
2025-11-02,P02,Bluetooth Speaker,55,0
2025-11-03,P02,Bluetooth Speaker,46,0
2025-11-04,P02,Bluetooth Speaker,39,0
2025-11-05,P02,Bluetooth Speaker,58,0
2025-11-06,P02,Bluetooth Speaker,68,0
2025-11-07,P02,Bluetooth Speaker,38,0
2025-11-08,P02,Bluetooth Speaker,78,0
2025-11-09,P02,Bluetooth Speaker,68,0
2025-11-10,P02,Bluetooth Speaker,59,0
2025-11-11,P02,Bluetooth Speaker,54,0
2025-11-12,P02,Bluetooth Speaker,35,0
2025-11-13,P02,Bluetooth Speaker,39,0
2025-11-14,P02,Bluetooth Speaker,63,0
2025-11-15,P02,Bluetooth Speaker,97,0
2025-11-16,P02,Bluetooth Speaker,32,0
2025-11-17,P02,Bluetooth Speaker,59,0
2025-11-18,P02,Bluetooth Speaker,72,1
2025-11-19,P02,Bluetooth Speaker,74,1
2025-11-20,P02,Bluetooth Speaker,49,1
2025-11-21,P02,Bluetooth Speaker,112,1
2025-11-22,P02,Bluetooth Speaker,58,0
2025-11-23,P02,Bluetooth Speaker,63,0
2025-11-24,P02,Bluetooth Speaker,35,0
2025-11-25,P02,Bluetooth Speaker,35,0
2025-11-26,P02,Bluetooth Speaker,53,0
2025-11-27,P02,Bluetooth Speaker,46,0
2025-11-28,P02,Bluetooth Speaker,68,0
2025-11-29,P02,Bluetooth Speaker,85,0
2025-11-30,P02,Bluetooth Speaker,76,0
2025-12-01,P02,Bluetooth Speaker,51,0
2025-12-02,P02,Bluetooth Speaker,67,0
2025-12-03,P02,Bluetooth Speaker,36,0
2025-12-04,P02,Bluetooth Speaker,50,0
2025-12-05,P02,Bluetooth Speaker,71,0
2025-12-06,P02,Bluetooth Speaker,90,0
2025-12-07,P02,Bluetooth Speaker,41,0
2025-12-08,P02,Bluetooth Speaker,44,0
2025-12-09,P02,Bluetooth Speaker,64,0
2025-12-10,P02,Bluetooth Speaker,55,0
2025-12-11,P02,Bluetooth Speaker,78,1
2025-12-12,P02,Bluetooth Speaker,97,1
2025-12-13,P02,Bluetooth Speaker,95,1
2025-12-14,P02,Bluetooth Speaker,71,1
2025-12-15,P02,Bluetooth Speaker,55,0
2025-12-16,P02,Bluetooth Speaker,83,0
2025-12-17,P02,Bluetooth Speaker,27,0
2025-12-18,P02,Bluetooth Speaker,55,0
2025-12-19,P02,Bluetooth Speaker,45,0
2025-12-20,P02,Bluetooth Speaker,78,0
2025-12-21,P02,Bluetooth Speaker,64,0
2025-12-22,P02,Bluetooth Speaker,57,0
2025-12-23,P02,Bluetooth Speaker,63,0
2025-12-24,P02,Bluetooth Speaker,52,0
2025-12-25,P02,Bluetooth Speaker,65,0
2025-12-26,P02,Bluetooth Speaker,18,0
2025-12-27,P02,Bluetooth Speaker,74,0
2025-12-28,P02,Bluetooth Speaker,54,0
2025-12-29,P02,Bluetooth Speaker,47,0
2025-12-30,P02,Bluetooth Speaker,26,0
2024-01-01,P03,USB-C Cable,93,0
2024-01-02,P03,USB-C Cable,88,0
2024-01-03,P03,USB-C Cable,110,0
2024-01-04,P03,USB-C Cable,81,0
2024-01-05,P03,USB-C Cable,100,0
2024-01-06,P03,USB-C Cable,127,0
2024-01-07,P03,USB-C Cable,112,0
2024-01-08,P03,USB-C Cable,71,0
2024-01-09,P03,USB-C Cable,78,0
2024-01-10,P03,USB-C Cable,78,0
2024-01-11,P03,USB-C Cable,82,0
2024-01-12,P03,USB-C Cable,82,0
2024-01-13,P03,USB-C Cable,107,0
2024-01-14,P03,USB-C Cable,84,0
2024-01-15,P03,USB-C Cable,77,0
2024-01-16,P03,USB-C Cable,80,0
2024-01-17,P03,USB-C Cable,76,0
2024-01-18,P03,USB-C Cable,68,0
2024-01-19,P03,USB-C Cable,98,0
2024-01-20,P03,USB-C Cable,113,0
2024-01-21,P03,USB-C Cable,94,0
2024-01-22,P03,USB-C Cable,75,0
2024-01-23,P03,USB-C Cable,66,0
2024-01-24,P03,USB-C Cable,71,0
2024-01-25,P03,USB-C Cable,77,0
2024-01-26,P03,USB-C Cable,101,0
2024-01-27,P03,USB-C Cable,103,0
2024-01-28,P03,USB-C Cable,109,0
2024-01-29,P03,USB-C Cable,74,0
2024-01-30,P03,USB-C Cable,80,0
2024-01-31,P03,USB-C Cable,79,0
2024-02-01,P03,USB-C Cable,90,0
2024-02-02,P03,USB-C Cable,86,0
2024-02-03,P03,USB-C Cable,94,0
2024-02-04,P03,USB-C Cable,89,0
2024-02-05,P03,USB-C Cable,75,0
2024-02-06,P03,USB-C Cable,69,0
2024-02-07,P03,USB-C Cable,84,0
2024-02-08,P03,USB-C Cable,80,0
2024-02-09,P03,USB-C Cable,114,0
2024-02-10,P03,USB-C Cable,161,1
2024-02-11,P03,USB-C Cable,168,1
2024-02-12,P03,USB-C Cable,95,1
2024-02-13,P03,USB-C Cable,144,1
2024-02-14,P03,USB-C Cable,78,0
2024-02-15,P03,USB-C Cable,87,0
2024-02-16,P03,USB-C Cable,103,0
2024-02-17,P03,USB-C Cable,113,0
2024-02-18,P03,USB-C Cable,100,0
2024-02-19,P03,USB-C Cable,63,0
2024-02-20,P03,USB-C Cable,86,0
2024-02-21,P03,USB-C Cable,82,0
2024-02-22,P03,USB-C Cable,77,0
2024-02-23,P03,USB-C Cable,96,0
2024-02-24,P03,USB-C Cable,110,0
2024-02-25,P03,USB-C Cable,102,0
2024-02-26,P03,USB-C Cable,87,0
2024-02-27,P03,USB-C Cable,71,0
2024-02-28,P03,USB-C Cable,93,0
2024-02-29,P03,USB-C Cable,75,0
2024-03-01,P03,USB-C Cable,90,0
2024-03-02,P03,USB-C Cable,141,0
2024-03-03,P03,USB-C Cable,122,0
2024-03-04,P03,USB-C Cable,84,0
2024-03-05,P03,USB-C Cable,76,0
2024-03-06,P03,USB-C Cable,81,0
2024-03-07,P03,USB-C Cable,89,0
2024-03-08,P03,USB-C Cable,98,0
2024-03-09,P03,USB-C Cable,119,0
2024-03-10,P03,USB-C Cable,111,0
2024-03-11,P03,USB-C Cable,110,1
2024-03-12,P03,USB-C Cable,137,1
2024-03-13,P03,USB-C Cable,127,1
2024-03-14,P03,USB-C Cable,83,0
2024-03-15,P03,USB-C Cable,100,0
2024-03-16,P03,USB-C Cable,117,0
2024-03-17,P03,USB-C Cable,166,1
2024-03-18,P03,USB-C Cable,132,1
2024-03-19,P03,USB-C Cable,134,1
2024-03-20,P03,USB-C Cable,135,1
2024-03-21,P03,USB-C Cable,100,0
2024-03-22,P03,USB-C Cable,93,0
2024-03-23,P03,USB-C Cable,116,0
2024-03-24,P03,USB-C Cable,107,0
2024-03-25,P03,USB-C Cable,83,0
2024-03-26,P03,USB-C Cable,97,0
2024-03-27,P03,USB-C Cable,160,1
2024-03-28,P03,USB-C Cable,129,1
2024-03-29,P03,USB-C Cable,122,1
2024-03-30,P03,USB-C Cable,185,1
2024-03-31,P03,USB-C Cable,104,0
2024-04-01,P03,USB-C Cable,130,1
2024-04-02,P03,USB-C Cable,129,1
2024-04-03,P03,USB-C Cable,83,0
2024-04-04,P03,USB-C Cable,121,0
2024-04-05,P03,USB-C Cable,99,0
2024-04-06,P03,USB-C Cable,129,0
2024-04-07,P03,USB-C Cable,103,0
2024-04-08,P03,USB-C Cable,106,0
2024-04-09,P03,USB-C Cable,101,0
2024-04-10,P03,USB-C Cable,95,0
2024-04-11,P03,USB-C Cable,83,0
2024-04-12,P03,USB-C Cable,108,0
2024-04-13,P03,USB-C Cable,115,0
2024-04-14,P03,USB-C Cable,138,0
2024-04-15,P03,USB-C Cable,99,0
2024-04-16,P03,USB-C Cable,93,0
2024-04-17,P03,USB-C Cable,71,0
2024-04-18,P03,USB-C Cable,87,0
2024-04-19,P03,USB-C Cable,114,0
2024-04-20,P03,USB-C Cable,147,0
2024-04-21,P03,USB-C Cable,135,0
2024-04-22,P03,USB-C Cable,78,0
2024-04-23,P03,USB-C Cable,140,1
2024-04-24,P03,USB-C Cable,127,1
2024-04-25,P03,USB-C Cable,140,1
2024-04-26,P03,USB-C Cable,167,1
2024-04-27,P03,USB-C Cable,129,0
2024-04-28,P03,USB-C Cable,121,0
2024-04-29,P03,USB-C Cable,89,0
2024-04-30,P03,USB-C Cable,90,0
2024-05-01,P03,USB-C Cable,96,0
2024-05-02,P03,USB-C Cable,104,0
2024-05-03,P03,USB-C Cable,106,0
2024-05-04,P03,USB-C Cable,129,0
2024-05-05,P03,USB-C Cable,126,0
2024-05-06,P03,USB-C Cable,77,0
2024-05-07,P03,USB-C Cable,100,0
2024-05-08,P03,USB-C Cable,97,0
2024-05-09,P03,USB-C Cable,101,0
2024-05-10,P03,USB-C Cable,121,0
2024-05-11,P03,USB-C Cable,109,0
2024-05-12,P03,USB-C Cable,101,0
2024-05-13,P03,USB-C Cable,98,0
2024-05-14,P03,USB-C Cable,96,0
2024-05-15,P03,USB-C Cable,131,1
2024-05-16,P03,USB-C Cable,188,1
2024-05-17,P03,USB-C Cable,164,1
2024-05-18,P03,USB-C Cable,242,1
2024-05-19,P03,USB-C Cable,142,0
2024-05-20,P03,USB-C Cable,103,0
2024-05-21,P03,USB-C Cable,88,0
2024-05-22,P03,USB-C Cable,106,0
2024-05-23,P03,USB-C Cable,111,0
2024-05-24,P03,USB-C Cable,130,0
2024-05-25,P03,USB-C Cable,126,0
2024-05-26,P03,USB-C Cable,125,0
2024-05-27,P03,USB-C Cable,105,0
2024-05-28,P03,USB-C Cable,98,0
2024-05-29,P03,USB-C Cable,88,0
2024-05-30,P03,USB-C Cable,107,0
2024-05-31,P03,USB-C Cable,120,0
2024-06-01,P03,USB-C Cable,140,0
2024-06-02,P03,USB-C Cable,131,0
2024-06-03,P03,USB-C Cable,95,0
2024-06-04,P03,USB-C Cable,112,0
2024-06-05,P03,USB-C Cable,91,0
2024-06-06,P03,USB-C Cable,97,0
2024-06-07,P03,USB-C Cable,114,0
2024-06-08,P03,USB-C Cable,152,0
2024-06-09,P03,USB-C Cable,110,0
2024-06-10,P03,USB-C Cable,85,0
2024-06-11,P03,USB-C Cable,78,0
2024-06-12,P03,USB-C Cable,101,0
2024-06-13,P03,USB-C Cable,92,0
2024-06-14,P03,USB-C Cable,110,0
2024-06-15,P03,USB-C Cable,149,0
2024-06-16,P03,USB-C Cable,121,0
2024-06-17,P03,USB-C Cable,101,0
2024-06-18,P03,USB-C Cable,96,0
2024-06-19,P03,USB-C Cable,107,0
2024-06-20,P03,USB-C Cable,109,0
2024-06-21,P03,USB-C Cable,106,0
2024-06-22,P03,USB-C Cable,138,0
2024-06-23,P03,USB-C Cable,143,0
2024-06-24,P03,USB-C Cable,102,0
2024-06-25,P03,USB-C Cable,85,0
2024-06-26,P03,USB-C Cable,107,0
2024-06-27,P03,USB-C Cable,92,0
2024-06-28,P03,USB-C Cable,130,0
2024-06-29,P03,USB-C Cable,154,0
2024-06-30,P03,USB-C Cable,133,0
2024-07-01,P03,USB-C Cable,100,0
2024-07-02,P03,USB-C Cable,96,0
2024-07-03,P03,USB-C Cable,107,0
2024-07-04,P03,USB-C Cable,100,0
2024-07-05,P03,USB-C Cable,117,0
2024-07-06,P03,USB-C Cable,152,0
2024-07-07,P03,USB-C Cable,122,0
2024-07-08,P03,USB-C Cable,92,0
2024-07-09,P03,USB-C Cable,86,0
2024-07-10,P03,USB-C Cable,90,0
2024-07-11,P03,USB-C Cable,84,0
2024-07-12,P03,USB-C Cable,122,0
2024-07-13,P03,USB-C Cable,164,0
2024-07-14,P03,USB-C Cable,147,0
2024-07-15,P03,USB-C Cable,82,0
2024-07-16,P03,USB-C Cable,105,0
2024-07-17,P03,USB-C Cable,114,0
2024-07-18,P03,USB-C Cable,98,0
2024-07-19,P03,USB-C Cable,114,0
2024-07-20,P03,USB-C Cable,111,0
2024-07-21,P03,USB-C Cable,132,0
2024-07-22,P03,USB-C Cable,87,0
2024-07-23,P03,USB-C Cable,99,0
2024-07-24,P03,USB-C Cable,84,0
2024-07-25,P03,USB-C Cable,108,0
2024-07-26,P03,USB-C Cable,124,0
2024-07-27,P03,USB-C Cable,127,0
2024-07-28,P03,USB-C Cable,113,0
2024-07-29,P03,USB-C Cable,76,0
2024-07-30,P03,USB-C Cable,94,0
2024-07-31,P03,USB-C Cable,93,0
2024-08-01,P03,USB-C Cable,86,0
2024-08-02,P03,USB-C Cable,117,0
2024-08-03,P03,USB-C Cable,131,0
2024-08-04,P03,USB-C Cable,113,0
2024-08-05,P03,USB-C Cable,91,0
2024-08-06,P03,USB-C Cable,106,0
2024-08-07,P03,USB-C Cable,104,0
2024-08-08,P03,USB-C Cable,99,0
2024-08-09,P03,USB-C Cable,117,0
2024-08-10,P03,USB-C Cable,120,0
2024-08-11,P03,USB-C Cable,126,0
2024-08-12,P03,USB-C Cable,96,0
2024-08-13,P03,USB-C Cable,91,0
2024-08-14,P03,USB-C Cable,101,0
2024-08-15,P03,USB-C Cable,92,0
2024-08-16,P03,USB-C Cable,115,0
2024-08-17,P03,USB-C Cable,142,0
2024-08-18,P03,USB-C Cable,88,0
2024-08-19,P03,USB-C Cable,105,0
2024-08-20,P03,USB-C Cable,65,0
2024-08-21,P03,USB-C Cable,90,0
2024-08-22,P03,USB-C Cable,109,0
2024-08-23,P03,USB-C Cable,105,0
2024-08-24,P03,USB-C Cable,113,0
2024-08-25,P03,USB-C Cable,109,0
2024-08-26,P03,USB-C Cable,103,0
2024-08-27,P03,USB-C Cable,75,0
2024-08-28,P03,USB-C Cable,105,0
2024-08-29,P03,USB-C Cable,97,0
2024-08-30,P03,USB-C Cable,94,0
2024-08-31,P03,USB-C Cable,124,0
2024-09-01,P03,USB-C Cable,109,0
2024-09-02,P03,USB-C Cable,100,0
2024-09-03,P03,USB-C Cable,99,0
2024-09-04,P03,USB-C Cable,77,0
2024-09-05,P03,USB-C Cable,92,0
2024-09-06,P03,USB-C Cable,97,0
2024-09-07,P03,USB-C Cable,146,0
2024-09-08,P03,USB-C Cable,104,0
2024-09-09,P03,USB-C Cable,105,0
2024-09-10,P03,USB-C Cable,90,0
2024-09-11,P03,USB-C Cable,82,0
2024-09-12,P03,USB-C Cable,89,0
2024-09-13,P03,USB-C Cable,96,0
2024-09-14,P03,USB-C Cable,112,0
2024-09-15,P03,USB-C Cable,119,0
2024-09-16,P03,USB-C Cable,79,0
2024-09-17,P03,USB-C Cable,70,0
2024-09-18,P03,USB-C Cable,88,0
2024-09-19,P03,USB-C Cable,77,0
2024-09-20,P03,USB-C Cable,95,0
2024-09-21,P03,USB-C Cable,115,0
2024-09-22,P03,USB-C Cable,106,0
2024-09-23,P03,USB-C Cable,106,0
2024-09-24,P03,USB-C Cable,89,0
2024-09-25,P03,USB-C Cable,92,0
2024-09-26,P03,USB-C Cable,76,0
2024-09-27,P03,USB-C Cable,95,0
2024-09-28,P03,USB-C Cable,127,0
2024-09-29,P03,USB-C Cable,103,0
2024-09-30,P03,USB-C Cable,95,0
2024-10-01,P03,USB-C Cable,111,0
2024-10-02,P03,USB-C Cable,125,0
2024-10-03,P03,USB-C Cable,125,0
2024-10-04,P03,USB-C Cable,148,0
2024-10-05,P03,USB-C Cable,167,0
2024-10-06,P03,USB-C Cable,160,0
2024-10-07,P03,USB-C Cable,122,0
2024-10-08,P03,USB-C Cable,115,0
2024-10-09,P03,USB-C Cable,133,0
2024-10-10,P03,USB-C Cable,134,0
2024-10-11,P03,USB-C Cable,142,0
2024-10-12,P03,USB-C Cable,168,0
2024-10-13,P03,USB-C Cable,175,0
2024-10-14,P03,USB-C Cable,120,0
2024-10-15,P03,USB-C Cable,119,0
2024-10-16,P03,USB-C Cable,127,0
2024-10-17,P03,USB-C Cable,151,0
2024-10-18,P03,USB-C Cable,123,0
2024-10-19,P03,USB-C Cable,187,0
2024-10-20,P03,USB-C Cable,130,0
2024-10-21,P03,USB-C Cable,124,0
2024-10-22,P03,USB-C Cable,141,0
2024-10-23,P03,USB-C Cable,130,0
2024-10-24,P03,USB-C Cable,130,0
2024-10-25,P03,USB-C Cable,132,0
2024-10-26,P03,USB-C Cable,172,0
2024-10-27,P03,USB-C Cable,155,0
2024-10-28,P03,USB-C Cable,111,0
2024-10-29,P03,USB-C Cable,117,0
2024-10-30,P03,USB-C Cable,125,0
2024-10-31,P03,USB-C Cable,116,0
2024-11-01,P03,USB-C Cable,127,0
2024-11-02,P03,USB-C Cable,147,0
2024-11-03,P03,USB-C Cable,163,0
2024-11-04,P03,USB-C Cable,126,0
2024-11-05,P03,USB-C Cable,122,0
2024-11-06,P03,USB-C Cable,133,0
2024-11-07,P03,USB-C Cable,126,0
2024-11-08,P03,USB-C Cable,143,0
2024-11-09,P03,USB-C Cable,173,0
2024-11-10,P03,USB-C Cable,154,0
2024-11-11,P03,USB-C Cable,112,0
2024-11-12,P03,USB-C Cable,144,0
2024-11-13,P03,USB-C Cable,115,0
2024-11-14,P03,USB-C Cable,191,1
2024-11-15,P03,USB-C Cable,159,1
2024-11-16,P03,USB-C Cable,280,1
2024-11-17,P03,USB-C Cable,256,1
2024-11-18,P03,USB-C Cable,124,0
2024-11-19,P03,USB-C Cable,102,0
2024-11-20,P03,USB-C Cable,141,0
2024-11-21,P03,USB-C Cable,131,0
2024-11-22,P03,USB-C Cable,135,0
2024-11-23,P03,USB-C Cable,192,0
2024-11-24,P03,USB-C Cable,156,0
2024-11-25,P03,USB-C Cable,116,0
2024-11-26,P03,USB-C Cable,109,0
2024-11-27,P03,USB-C Cable,126,0
2024-11-28,P03,USB-C Cable,128,0
2024-11-29,P03,USB-C Cable,135,0
2024-11-30,P03,USB-C Cable,152,0
2024-12-01,P03,USB-C Cable,139,0
2024-12-02,P03,USB-C Cable,103,0
2024-12-03,P03,USB-C Cable,90,0
2024-12-04,P03,USB-C Cable,90,0
2024-12-05,P03,USB-C Cable,115,0
2024-12-06,P03,USB-C Cable,89,0
2024-12-07,P03,USB-C Cable,150,0
2024-12-08,P03,USB-C Cable,130,0
2024-12-09,P03,USB-C Cable,117,0
2024-12-10,P03,USB-C Cable,98,0
2024-12-11,P03,USB-C Cable,113,0
2024-12-12,P03,USB-C Cable,105,0
2024-12-13,P03,USB-C Cable,121,0
2024-12-14,P03,USB-C Cable,158,0
2024-12-15,P03,USB-C Cable,130,0
2024-12-16,P03,USB-C Cable,114,0
2024-12-17,P03,USB-C Cable,93,0
2024-12-18,P03,USB-C Cable,109,0
2024-12-19,P03,USB-C Cable,119,0
2024-12-20,P03,USB-C Cable,128,0
2024-12-21,P03,USB-C Cable,175,0
2024-12-22,P03,USB-C Cable,126,0
2024-12-23,P03,USB-C Cable,89,0
2024-12-24,P03,USB-C Cable,93,0
2024-12-25,P03,USB-C Cable,113,0
2024-12-26,P03,USB-C Cable,88,0
2024-12-27,P03,USB-C Cable,93,0
2024-12-28,P03,USB-C Cable,101,0
2024-12-29,P03,USB-C Cable,113,0
2024-12-30,P03,USB-C Cable,70,0
2024-12-31,P03,USB-C Cable,89,0
2025-01-01,P03,USB-C Cable,121,0
2025-01-02,P03,USB-C Cable,101,0
2025-01-03,P03,USB-C Cable,113,0
2025-01-04,P03,USB-C Cable,125,0
2025-01-05,P03,USB-C Cable,100,0
2025-01-06,P03,USB-C Cable,76,0
2025-01-07,P03,USB-C Cable,72,0
2025-01-08,P03,USB-C Cable,70,0
2025-01-09,P03,USB-C Cable,99,0
2025-01-10,P03,USB-C Cable,96,0
2025-01-11,P03,USB-C Cable,119,0
2025-01-12,P03,USB-C Cable,103,0
2025-01-13,P03,USB-C Cable,80,0
2025-01-14,P03,USB-C Cable,89,0
2025-01-15,P03,USB-C Cable,83,0
2025-01-16,P03,USB-C Cable,140,1
2025-01-17,P03,USB-C Cable,106,1
2025-01-18,P03,USB-C Cable,157,1
2025-01-19,P03,USB-C Cable,133,1
2025-01-20,P03,USB-C Cable,71,0
2025-01-21,P03,USB-C Cable,81,0
2025-01-22,P03,USB-C Cable,84,0
2025-01-23,P03,USB-C Cable,68,0
2025-01-24,P03,USB-C Cable,86,0
2025-01-25,P03,USB-C Cable,122,0
2025-01-26,P03,USB-C Cable,113,0
2025-01-27,P03,USB-C Cable,73,0
2025-01-28,P03,USB-C Cable,84,0
2025-01-29,P03,USB-C Cable,93,0
2025-01-30,P03,USB-C Cable,94,0
2025-01-31,P03,USB-C Cable,95,0
2025-02-01,P03,USB-C Cable,113,0
2025-02-02,P03,USB-C Cable,103,0
2025-02-03,P03,USB-C Cable,87,0
2025-02-04,P03,USB-C Cable,85,0
2025-02-05,P03,USB-C Cable,91,0
2025-02-06,P03,USB-C Cable,89,0
2025-02-07,P03,USB-C Cable,105,0
2025-02-08,P03,USB-C Cable,121,0
2025-02-09,P03,USB-C Cable,120,0
2025-02-10,P03,USB-C Cable,92,0
2025-02-11,P03,USB-C Cable,78,0
2025-02-12,P03,USB-C Cable,71,0
2025-02-13,P03,USB-C Cable,103,0
2025-02-14,P03,USB-C Cable,101,0
2025-02-15,P03,USB-C Cable,100,0
2025-02-16,P03,USB-C Cable,104,0
2025-02-17,P03,USB-C Cable,92,0
2025-02-18,P03,USB-C Cable,83,0
2025-02-19,P03,USB-C Cable,83,0
2025-02-20,P03,USB-C Cable,103,0
2025-02-21,P03,USB-C Cable,90,0
2025-02-22,P03,USB-C Cable,113,0
2025-02-23,P03,USB-C Cable,117,0
2025-02-24,P03,USB-C Cable,90,0
2025-02-25,P03,USB-C Cable,91,0
2025-02-26,P03,USB-C Cable,97,0
2025-02-27,P03,USB-C Cable,94,0
2025-02-28,P03,USB-C Cable,106,0
2025-03-01,P03,USB-C Cable,122,0
2025-03-02,P03,USB-C Cable,117,0
2025-03-03,P03,USB-C Cable,89,0
2025-03-04,P03,USB-C Cable,90,0
2025-03-05,P03,USB-C Cable,140,1
2025-03-06,P03,USB-C Cable,129,1
2025-03-07,P03,USB-C Cable,144,1
2025-03-08,P03,USB-C Cable,211,1
2025-03-09,P03,USB-C Cable,111,0
2025-03-10,P03,USB-C Cable,93,0
2025-03-11,P03,USB-C Cable,99,0
2025-03-12,P03,USB-C Cable,93,0
2025-03-13,P03,USB-C Cable,117,0
2025-03-14,P03,USB-C Cable,174,1
2025-03-15,P03,USB-C Cable,203,1
2025-03-16,P03,USB-C Cable,196,1
2025-03-17,P03,USB-C Cable,167,1
2025-03-18,P03,USB-C Cable,90,0
2025-03-19,P03,USB-C Cable,90,0
2025-03-20,P03,USB-C Cable,123,0
2025-03-21,P03,USB-C Cable,111,0
2025-03-22,P03,USB-C Cable,121,0
2025-03-23,P03,USB-C Cable,113,0
2025-03-24,P03,USB-C Cable,84,0
2025-03-25,P03,USB-C Cable,101,0
2025-03-26,P03,USB-C Cable,91,0
2025-03-27,P03,USB-C Cable,99,0
2025-03-28,P03,USB-C Cable,107,0
2025-03-29,P03,USB-C Cable,143,0
2025-03-30,P03,USB-C Cable,113,0
2025-03-31,P03,USB-C Cable,84,0
2025-04-01,P03,USB-C Cable,96,0
2025-04-02,P03,USB-C Cable,102,0
2025-04-03,P03,USB-C Cable,103,0
2025-04-04,P03,USB-C Cable,101,0
2025-04-05,P03,USB-C Cable,144,0
2025-04-06,P03,USB-C Cable,116,0
2025-04-07,P03,USB-C Cable,90,0
2025-04-08,P03,USB-C Cable,86,0
2025-04-09,P03,USB-C Cable,110,0
2025-04-10,P03,USB-C Cable,107,0
2025-04-11,P03,USB-C Cable,118,0
2025-04-12,P03,USB-C Cable,154,0
2025-04-13,P03,USB-C Cable,163,0
2025-04-14,P03,USB-C Cable,80,0
2025-04-15,P03,USB-C Cable,90,0
2025-04-16,P03,USB-C Cable,93,0
2025-04-17,P03,USB-C Cable,94,0
2025-04-18,P03,USB-C Cable,101,0
2025-04-19,P03,USB-C Cable,134,0
2025-04-20,P03,USB-C Cable,113,0
2025-04-21,P03,USB-C Cable,101,0
2025-04-22,P03,USB-C Cable,99,0
2025-04-23,P03,USB-C Cable,105,0
2025-04-24,P03,USB-C Cable,109,0
2025-04-25,P03,USB-C Cable,121,0
2025-04-26,P03,USB-C Cable,135,0
2025-04-27,P03,USB-C Cable,158,0
2025-04-28,P03,USB-C Cable,101,0
2025-04-29,P03,USB-C Cable,81,0
2025-04-30,P03,USB-C Cable,91,0
2025-05-01,P03,USB-C Cable,87,0
2025-05-02,P03,USB-C Cable,116,0
2025-05-03,P03,USB-C Cable,140,0
2025-05-04,P03,USB-C Cable,126,0
2025-05-05,P03,USB-C Cable,120,0
2025-05-06,P03,USB-C Cable,106,0
2025-05-07,P03,USB-C Cable,110,0
2025-05-08,P03,USB-C Cable,96,0
2025-05-09,P03,USB-C Cable,105,0
2025-05-10,P03,USB-C Cable,144,0
2025-05-11,P03,USB-C Cable,135,0
2025-05-12,P03,USB-C Cable,82,0
2025-05-13,P03,USB-C Cable,100,0
2025-05-14,P03,USB-C Cable,104,0
2025-05-15,P03,USB-C Cable,105,0
2025-05-16,P03,USB-C Cable,108,0
2025-05-17,P03,USB-C Cable,137,0
2025-05-18,P03,USB-C Cable,132,0
2025-05-19,P03,USB-C Cable,103,0
2025-05-20,P03,USB-C Cable,108,0
2025-05-21,P03,USB-C Cable,116,0
2025-05-22,P03,USB-C Cable,105,0
2025-05-23,P03,USB-C Cable,113,0
2025-05-24,P03,USB-C Cable,152,0
2025-05-25,P03,USB-C Cable,144,0
2025-05-26,P03,USB-C Cable,98,0
2025-05-27,P03,USB-C Cable,111,0
2025-05-28,P03,USB-C Cable,116,0
2025-05-29,P03,USB-C Cable,123,0
2025-05-30,P03,USB-C Cable,141,0
2025-05-31,P03,USB-C Cable,134,0
2025-06-01,P03,USB-C Cable,136,0
2025-06-02,P03,USB-C Cable,104,0
2025-06-03,P03,USB-C Cable,103,0
2025-06-04,P03,USB-C Cable,99,0
2025-06-05,P03,USB-C Cable,93,0
2025-06-06,P03,USB-C Cable,121,0
2025-06-07,P03,USB-C Cable,230,1
2025-06-08,P03,USB-C Cable,199,1
2025-06-09,P03,USB-C Cable,106,0
2025-06-10,P03,USB-C Cable,106,0
2025-06-11,P03,USB-C Cable,112,0
2025-06-12,P03,USB-C Cable,133,0
2025-06-13,P03,USB-C Cable,124,0
2025-06-14,P03,USB-C Cable,155,0
2025-06-15,P03,USB-C Cable,122,0
2025-06-16,P03,USB-C Cable,91,0
2025-06-17,P03,USB-C Cable,121,0
2025-06-18,P03,USB-C Cable,97,0
2025-06-19,P03,USB-C Cable,98,0
2025-06-20,P03,USB-C Cable,120,0
2025-06-21,P03,USB-C Cable,147,0
2025-06-22,P03,USB-C Cable,125,0
2025-06-23,P03,USB-C Cable,101,0
2025-06-24,P03,USB-C Cable,162,1
2025-06-25,P03,USB-C Cable,180,1
2025-06-26,P03,USB-C Cable,146,1
2025-06-27,P03,USB-C Cable,102,0
2025-06-28,P03,USB-C Cable,137,0
2025-06-29,P03,USB-C Cable,137,0
2025-06-30,P03,USB-C Cable,116,0
2025-07-01,P03,USB-C Cable,93,0
2025-07-02,P03,USB-C Cable,106,0
2025-07-03,P03,USB-C Cable,117,0
2025-07-04,P03,USB-C Cable,92,0
2025-07-05,P03,USB-C Cable,163,0
2025-07-06,P03,USB-C Cable,121,0
2025-07-07,P03,USB-C Cable,108,0
2025-07-08,P03,USB-C Cable,107,0
2025-07-09,P03,USB-C Cable,118,0
2025-07-10,P03,USB-C Cable,115,0
2025-07-11,P03,USB-C Cable,92,0
2025-07-12,P03,USB-C Cable,199,1
2025-07-13,P03,USB-C Cable,196,1
2025-07-14,P03,USB-C Cable,156,1
2025-07-15,P03,USB-C Cable,136,1
2025-07-16,P03,USB-C Cable,101,0
2025-07-17,P03,USB-C Cable,114,0
2025-07-18,P03,USB-C Cable,107,0
2025-07-19,P03,USB-C Cable,156,0
2025-07-20,P03,USB-C Cable,148,0
2025-07-21,P03,USB-C Cable,105,0
2025-07-22,P03,USB-C Cable,72,0
2025-07-23,P03,USB-C Cable,92,0
2025-07-24,P03,USB-C Cable,129,0
2025-07-25,P03,USB-C Cable,113,0
2025-07-26,P03,USB-C Cable,117,0
2025-07-27,P03,USB-C Cable,152,0
2025-07-28,P03,USB-C Cable,103,0
2025-07-29,P03,USB-C Cable,114,0
2025-07-30,P03,USB-C Cable,107,0
2025-07-31,P03,USB-C Cable,113,0
2025-08-01,P03,USB-C Cable,123,0
2025-08-02,P03,USB-C Cable,155,0
2025-08-03,P03,USB-C Cable,165,0
2025-08-04,P03,USB-C Cable,112,0
2025-08-05,P03,USB-C Cable,86,0
2025-08-06,P03,USB-C Cable,108,0
2025-08-07,P03,USB-C Cable,119,0
2025-08-08,P03,USB-C Cable,131,0
2025-08-09,P03,USB-C Cable,138,0
2025-08-10,P03,USB-C Cable,149,0
2025-08-11,P03,USB-C Cable,110,0
2025-08-12,P03,USB-C Cable,127,0
2025-08-13,P03,USB-C Cable,95,0
2025-08-14,P03,USB-C Cable,100,0
2025-08-15,P03,USB-C Cable,113,0
2025-08-16,P03,USB-C Cable,135,0
2025-08-17,P03,USB-C Cable,120,0
2025-08-18,P03,USB-C Cable,72,0
2025-08-19,P03,USB-C Cable,95,0
2025-08-20,P03,USB-C Cable,106,0
2025-08-21,P03,USB-C Cable,100,0
2025-08-22,P03,USB-C Cable,137,0
2025-08-23,P03,USB-C Cable,141,0
2025-08-24,P03,USB-C Cable,147,0
2025-08-25,P03,USB-C Cable,101,0
2025-08-26,P03,USB-C Cable,107,0
2025-08-27,P03,USB-C Cable,103,0
2025-08-28,P03,USB-C Cable,118,0
2025-08-29,P03,USB-C Cable,114,0
2025-08-30,P03,USB-C Cable,146,0
2025-08-31,P03,USB-C Cable,134,0
2025-09-01,P03,USB-C Cable,95,0
2025-09-02,P03,USB-C Cable,101,0
2025-09-03,P03,USB-C Cable,122,0
2025-09-04,P03,USB-C Cable,100,0
2025-09-05,P03,USB-C Cable,117,0
2025-09-06,P03,USB-C Cable,155,0
2025-09-07,P03,USB-C Cable,142,0
2025-09-08,P03,USB-C Cable,97,0
2025-09-09,P03,USB-C Cable,73,0
2025-09-10,P03,USB-C Cable,103,0
2025-09-11,P03,USB-C Cable,79,0
2025-09-12,P03,USB-C Cable,127,0
2025-09-13,P03,USB-C Cable,138,0
2025-09-14,P03,USB-C Cable,138,0
2025-09-15,P03,USB-C Cable,87,0
2025-09-16,P03,USB-C Cable,80,0
2025-09-17,P03,USB-C Cable,99,0
2025-09-18,P03,USB-C Cable,99,0
2025-09-19,P03,USB-C Cable,104,0
2025-09-20,P03,USB-C Cable,135,0
2025-09-21,P03,USB-C Cable,158,0
2025-09-22,P03,USB-C Cable,102,0
2025-09-23,P03,USB-C Cable,104,0
2025-09-24,P03,USB-C Cable,104,0
2025-09-25,P03,USB-C Cable,148,1
2025-09-26,P03,USB-C Cable,153,1
2025-09-27,P03,USB-C Cable,184,1
2025-09-28,P03,USB-C Cable,160,1
2025-09-29,P03,USB-C Cable,107,0
2025-09-30,P03,USB-C Cable,99,0
2025-10-01,P03,USB-C Cable,146,0
2025-10-02,P03,USB-C Cable,149,0
2025-10-03,P03,USB-C Cable,154,0
2025-10-04,P03,USB-C Cable,193,0
2025-10-05,P03,USB-C Cable,154,0
2025-10-06,P03,USB-C Cable,104,0
2025-10-07,P03,USB-C Cable,134,0
2025-10-08,P03,USB-C Cable,139,0
2025-10-09,P03,USB-C Cable,156,0
2025-10-10,P03,USB-C Cable,176,0
2025-10-11,P03,USB-C Cable,216,0
2025-10-12,P03,USB-C Cable,155,0
2025-10-13,P03,USB-C Cable,126,0
2025-10-14,P03,USB-C Cable,137,0
2025-10-15,P03,USB-C Cable,167,0
2025-10-16,P03,USB-C Cable,157,0
2025-10-17,P03,USB-C Cable,167,0
2025-10-18,P03,USB-C Cable,177,0
2025-10-19,P03,USB-C Cable,155,0
2025-10-20,P03,USB-C Cable,139,0
2025-10-21,P03,USB-C Cable,115,0
2025-10-22,P03,USB-C Cable,128,0
2025-10-23,P03,USB-C Cable,134,0
2025-10-24,P03,USB-C Cable,172,0
2025-10-25,P03,USB-C Cable,176,0
2025-10-26,P03,USB-C Cable,127,0
2025-10-27,P03,USB-C Cable,134,0
2025-10-28,P03,USB-C Cable,119,0
2025-10-29,P03,USB-C Cable,131,0
2025-10-30,P03,USB-C Cable,133,0
2025-10-31,P03,USB-C Cable,143,0
2025-11-01,P03,USB-C Cable,194,0
2025-11-02,P03,USB-C Cable,141,0
2025-11-03,P03,USB-C Cable,193,1
2025-11-04,P03,USB-C Cable,178,1
2025-11-05,P03,USB-C Cable,137,0
2025-11-06,P03,USB-C Cable,147,0
2025-11-07,P03,USB-C Cable,145,0
2025-11-08,P03,USB-C Cable,143,0
2025-11-09,P03,USB-C Cable,177,0
2025-11-10,P03,USB-C Cable,104,0
2025-11-11,P03,USB-C Cable,129,0
2025-11-12,P03,USB-C Cable,116,0
2025-11-13,P03,USB-C Cable,116,0
2025-11-14,P03,USB-C Cable,138,0
2025-11-15,P03,USB-C Cable,174,0
2025-11-16,P03,USB-C Cable,153,0
2025-11-17,P03,USB-C Cable,131,0
2025-11-18,P03,USB-C Cable,118,0
2025-11-19,P03,USB-C Cable,139,0
2025-11-20,P03,USB-C Cable,134,0
2025-11-21,P03,USB-C Cable,133,0
2025-11-22,P03,USB-C Cable,160,0
2025-11-23,P03,USB-C Cable,136,0
2025-11-24,P03,USB-C Cable,127,0
2025-11-25,P03,USB-C Cable,119,0
2025-11-26,P03,USB-C Cable,96,0
2025-11-27,P03,USB-C Cable,123,0
2025-11-28,P03,USB-C Cable,130,0
2025-11-29,P03,USB-C Cable,202,0
2025-11-30,P03,USB-C Cable,134,0
2025-12-01,P03,USB-C Cable,94,0
2025-12-02,P03,USB-C Cable,122,0
2025-12-03,P03,USB-C Cable,160,1
2025-12-04,P03,USB-C Cable,176,1
2025-12-05,P03,USB-C Cable,98,0
2025-12-06,P03,USB-C Cable,127,0
2025-12-07,P03,USB-C Cable,140,0
2025-12-08,P03,USB-C Cable,127,0
2025-12-09,P03,USB-C Cable,105,0
2025-12-10,P03,USB-C Cable,113,0
2025-12-11,P03,USB-C Cable,128,0
2025-12-12,P03,USB-C Cable,154,0
2025-12-13,P03,USB-C Cable,147,0
2025-12-14,P03,USB-C Cable,144,0
2025-12-15,P03,USB-C Cable,129,1
2025-12-16,P03,USB-C Cable,141,1
2025-12-17,P03,USB-C Cable,159,1
2025-12-18,P03,USB-C Cable,168,1
2025-12-19,P03,USB-C Cable,130,0
2025-12-20,P03,USB-C Cable,171,0
2025-12-21,P03,USB-C Cable,142,0
2025-12-22,P03,USB-C Cable,110,0
2025-12-23,P03,USB-C Cable,116,0
2025-12-24,P03,USB-C Cable,101,0
2025-12-25,P03,USB-C Cable,124,0
2025-12-26,P03,USB-C Cable,106,0
2025-12-27,P03,USB-C Cable,151,0
2025-12-28,P03,USB-C Cable,107,0
2025-12-29,P03,USB-C Cable,81,0
2025-12-30,P03,USB-C Cable,91,0
2024-01-01,P04,Laptop Backpack,20,0
2024-01-02,P04,Laptop Backpack,22,0
2024-01-03,P04,Laptop Backpack,19,0
2024-01-04,P04,Laptop Backpack,28,0
2024-01-05,P04,Laptop Backpack,18,0
2024-01-06,P04,Laptop Backpack,25,0
2024-01-07,P04,Laptop Backpack,22,0
2024-01-08,P04,Laptop Backpack,17,0
2024-01-09,P04,Laptop Backpack,17,0
2024-01-10,P04,Laptop Backpack,18,0
2024-01-11,P04,Laptop Backpack,21,0
2024-01-12,P04,Laptop Backpack,25,0
2024-01-13,P04,Laptop Backpack,24,0
2024-01-14,P04,Laptop Backpack,26,0
2024-01-15,P04,Laptop Backpack,15,0
2024-01-16,P04,Laptop Backpack,20,0
2024-01-17,P04,Laptop Backpack,15,0
2024-01-18,P04,Laptop Backpack,22,0
2024-01-19,P04,Laptop Backpack,29,0
2024-01-20,P04,Laptop Backpack,24,0
2024-01-21,P04,Laptop Backpack,13,0
2024-01-22,P04,Laptop Backpack,15,0
2024-01-23,P04,Laptop Backpack,21,0
2024-01-24,P04,Laptop Backpack,20,0
2024-01-25,P04,Laptop Backpack,19,0
2024-01-26,P04,Laptop Backpack,24,0
2024-01-27,P04,Laptop Backpack,27,0
2024-01-28,P04,Laptop Backpack,28,0
2024-01-29,P04,Laptop Backpack,21,0
2024-01-30,P04,Laptop Backpack,23,0
2024-01-31,P04,Laptop Backpack,19,0
2024-02-01,P04,Laptop Backpack,22,0
2024-02-02,P04,Laptop Backpack,19,0
2024-02-03,P04,Laptop Backpack,22,0
2024-02-04,P04,Laptop Backpack,31,0
2024-02-05,P04,Laptop Backpack,18,0
2024-02-06,P04,Laptop Backpack,20,0
2024-02-07,P04,Laptop Backpack,18,0
2024-02-08,P04,Laptop Backpack,28,1
2024-02-09,P04,Laptop Backpack,37,1
2024-02-10,P04,Laptop Backpack,37,1
2024-02-11,P04,Laptop Backpack,37,1
2024-02-12,P04,Laptop Backpack,40,1
2024-02-13,P04,Laptop Backpack,24,1
2024-02-14,P04,Laptop Backpack,17,0
2024-02-15,P04,Laptop Backpack,23,0
2024-02-16,P04,Laptop Backpack,19,0
2024-02-17,P04,Laptop Backpack,32,0
2024-02-18,P04,Laptop Backpack,26,0
2024-02-19,P04,Laptop Backpack,19,0
2024-02-20,P04,Laptop Backpack,19,0
2024-02-21,P04,Laptop Backpack,18,0
2024-02-22,P04,Laptop Backpack,23,0
2024-02-23,P04,Laptop Backpack,17,0
2024-02-24,P04,Laptop Backpack,18,0
2024-02-25,P04,Laptop Backpack,27,0
2024-02-26,P04,Laptop Backpack,21,0
2024-02-27,P04,Laptop Backpack,20,0
2024-02-28,P04,Laptop Backpack,20,0
2024-02-29,P04,Laptop Backpack,18,0
2024-03-01,P04,Laptop Backpack,25,0
2024-03-02,P04,Laptop Backpack,26,0
2024-03-03,P04,Laptop Backpack,22,0
2024-03-04,P04,Laptop Backpack,18,0
2024-03-05,P04,Laptop Backpack,26,0
2024-03-06,P04,Laptop Backpack,13,0
2024-03-07,P04,Laptop Backpack,22,0
2024-03-08,P04,Laptop Backpack,15,0
2024-03-09,P04,Laptop Backpack,26,0
2024-03-10,P04,Laptop Backpack,23,0
2024-03-11,P04,Laptop Backpack,11,0
2024-03-12,P04,Laptop Backpack,21,0
2024-03-13,P04,Laptop Backpack,18,0
2024-03-14,P04,Laptop Backpack,12,0
2024-03-15,P04,Laptop Backpack,26,0
2024-03-16,P04,Laptop Backpack,35,0
2024-03-17,P04,Laptop Backpack,33,0
2024-03-18,P04,Laptop Backpack,21,0
2024-03-19,P04,Laptop Backpack,20,0
2024-03-20,P04,Laptop Backpack,25,0
2024-03-21,P04,Laptop Backpack,27,0
2024-03-22,P04,Laptop Backpack,28,0
2024-03-23,P04,Laptop Backpack,23,0
2024-03-24,P04,Laptop Backpack,27,0
2024-03-25,P04,Laptop Backpack,21,0
2024-03-26,P04,Laptop Backpack,13,0
2024-03-27,P04,Laptop Backpack,22,0
2024-03-28,P04,Laptop Backpack,30,0
2024-03-29,P04,Laptop Backpack,26,0
2024-03-30,P04,Laptop Backpack,37,0
2024-03-31,P04,Laptop Backpack,27,0
2024-04-01,P04,Laptop Backpack,20,0
2024-04-02,P04,Laptop Backpack,22,0
2024-04-03,P04,Laptop Backpack,17,0
2024-04-04,P04,Laptop Backpack,17,0
2024-04-05,P04,Laptop Backpack,29,0
2024-04-06,P04,Laptop Backpack,37,0
2024-04-07,P04,Laptop Backpack,21,0
2024-04-08,P04,Laptop Backpack,24,0
2024-04-09,P04,Laptop Backpack,20,0
2024-04-10,P04,Laptop Backpack,22,0
2024-04-11,P04,Laptop Backpack,23,0
2024-04-12,P04,Laptop Backpack,28,0
2024-04-13,P04,Laptop Backpack,30,0
2024-04-14,P04,Laptop Backpack,35,0
2024-04-15,P04,Laptop Backpack,22,0
2024-04-16,P04,Laptop Backpack,23,0
2024-04-17,P04,Laptop Backpack,18,0
2024-04-18,P04,Laptop Backpack,31,0
2024-04-19,P04,Laptop Backpack,26,0
2024-04-20,P04,Laptop Backpack,34,0
2024-04-21,P04,Laptop Backpack,19,0
2024-04-22,P04,Laptop Backpack,17,0
2024-04-23,P04,Laptop Backpack,26,0
2024-04-24,P04,Laptop Backpack,23,0
2024-04-25,P04,Laptop Backpack,14,0
2024-04-26,P04,Laptop Backpack,29,0
2024-04-27,P04,Laptop Backpack,27,0
2024-04-28,P04,Laptop Backpack,36,0
2024-04-29,P04,Laptop Backpack,21,0
2024-04-30,P04,Laptop Backpack,22,0
2024-05-01,P04,Laptop Backpack,27,0
2024-05-02,P04,Laptop Backpack,18,0
2024-05-03,P04,Laptop Backpack,20,0
2024-05-04,P04,Laptop Backpack,29,0
2024-05-05,P04,Laptop Backpack,33,0
2024-05-06,P04,Laptop Backpack,16,0
2024-05-07,P04,Laptop Backpack,14,0
2024-05-08,P04,Laptop Backpack,25,0
2024-05-09,P04,Laptop Backpack,20,0
2024-05-10,P04,Laptop Backpack,23,0
2024-05-11,P04,Laptop Backpack,19,0
2024-05-12,P04,Laptop Backpack,24,0
2024-05-13,P04,Laptop Backpack,22,0
2024-05-14,P04,Laptop Backpack,26,0
2024-05-15,P04,Laptop Backpack,19,0
2024-05-16,P04,Laptop Backpack,30,0
2024-05-17,P04,Laptop Backpack,22,0
2024-05-18,P04,Laptop Backpack,27,0
2024-05-19,P04,Laptop Backpack,37,0
2024-05-20,P04,Laptop Backpack,23,0
2024-05-21,P04,Laptop Backpack,19,0
2024-05-22,P04,Laptop Backpack,22,0
2024-05-23,P04,Laptop Backpack,29,0
2024-05-24,P04,Laptop Backpack,33,0
2024-05-25,P04,Laptop Backpack,26,0
2024-05-26,P04,Laptop Backpack,29,0
2024-05-27,P04,Laptop Backpack,22,0
2024-05-28,P04,Laptop Backpack,18,0
2024-05-29,P04,Laptop Backpack,22,0
2024-05-30,P04,Laptop Backpack,23,0
2024-05-31,P04,Laptop Backpack,31,0
2024-06-01,P04,Laptop Backpack,39,0
2024-06-02,P04,Laptop Backpack,27,0
2024-06-03,P04,Laptop Backpack,21,0
2024-06-04,P04,Laptop Backpack,25,0
2024-06-05,P04,Laptop Backpack,20,0
2024-06-06,P04,Laptop Backpack,26,0
2024-06-07,P04,Laptop Backpack,25,0
2024-06-08,P04,Laptop Backpack,25,0
2024-06-09,P04,Laptop Backpack,24,0
2024-06-10,P04,Laptop Backpack,29,0
2024-06-11,P04,Laptop Backpack,21,0
2024-06-12,P04,Laptop Backpack,30,0
2024-06-13,P04,Laptop Backpack,21,0
2024-06-14,P04,Laptop Backpack,27,0
2024-06-15,P04,Laptop Backpack,47,0
2024-06-16,P04,Laptop Backpack,23,0
2024-06-17,P04,Laptop Backpack,14,0
2024-06-18,P04,Laptop Backpack,28,0
2024-06-19,P04,Laptop Backpack,19,0
2024-06-20,P04,Laptop Backpack,23,0
2024-06-21,P04,Laptop Backpack,23,0
2024-06-22,P04,Laptop Backpack,33,0
2024-06-23,P04,Laptop Backpack,24,0
2024-06-24,P04,Laptop Backpack,21,0
2024-06-25,P04,Laptop Backpack,24,0
2024-06-26,P04,Laptop Backpack,18,0
2024-06-27,P04,Laptop Backpack,20,0
2024-06-28,P04,Laptop Backpack,24,0
2024-06-29,P04,Laptop Backpack,23,0
2024-06-30,P04,Laptop Backpack,27,0
2024-07-01,P04,Laptop Backpack,23,0
2024-07-02,P04,Laptop Backpack,20,0
2024-07-03,P04,Laptop Backpack,21,0
2024-07-04,P04,Laptop Backpack,23,0
2024-07-05,P04,Laptop Backpack,22,0
2024-07-06,P04,Laptop Backpack,36,0
2024-07-07,P04,Laptop Backpack,38,0
2024-07-08,P04,Laptop Backpack,20,0
2024-07-09,P04,Laptop Backpack,24,0
2024-07-10,P04,Laptop Backpack,22,0
2024-07-11,P04,Laptop Backpack,25,0
2024-07-12,P04,Laptop Backpack,34,0
2024-07-13,P04,Laptop Backpack,35,0
2024-07-14,P04,Laptop Backpack,19,0
2024-07-15,P04,Laptop Backpack,24,0
2024-07-16,P04,Laptop Backpack,29,1
2024-07-17,P04,Laptop Backpack,28,1
2024-07-18,P04,Laptop Backpack,33,1
2024-07-19,P04,Laptop Backpack,37,1
2024-07-20,P04,Laptop Backpack,39,0
2024-07-21,P04,Laptop Backpack,18,0
2024-07-22,P04,Laptop Backpack,16,0
2024-07-23,P04,Laptop Backpack,17,0
2024-07-24,P04,Laptop Backpack,22,0
2024-07-25,P04,Laptop Backpack,21,0
2024-07-26,P04,Laptop Backpack,33,0
2024-07-27,P04,Laptop Backpack,37,0
2024-07-28,P04,Laptop Backpack,32,0
2024-07-29,P04,Laptop Backpack,23,0
2024-07-30,P04,Laptop Backpack,24,0
2024-07-31,P04,Laptop Backpack,18,0
2024-08-01,P04,Laptop Backpack,27,0
2024-08-02,P04,Laptop Backpack,20,0
2024-08-03,P04,Laptop Backpack,36,0
2024-08-04,P04,Laptop Backpack,35,0
2024-08-05,P04,Laptop Backpack,23,0
2024-08-06,P04,Laptop Backpack,21,0
2024-08-07,P04,Laptop Backpack,24,0
2024-08-08,P04,Laptop Backpack,10,0
2024-08-09,P04,Laptop Backpack,27,0
2024-08-10,P04,Laptop Backpack,30,0
2024-08-11,P04,Laptop Backpack,28,0
2024-08-12,P04,Laptop Backpack,25,0
2024-08-13,P04,Laptop Backpack,21,0
2024-08-14,P04,Laptop Backpack,17,0
2024-08-15,P04,Laptop Backpack,22,0
2024-08-16,P04,Laptop Backpack,25,0
2024-08-17,P04,Laptop Backpack,31,0
2024-08-18,P04,Laptop Backpack,29,0
2024-08-19,P04,Laptop Backpack,26,0
2024-08-20,P04,Laptop Backpack,17,0
2024-08-21,P04,Laptop Backpack,23,0
2024-08-22,P04,Laptop Backpack,28,0
2024-08-23,P04,Laptop Backpack,16,0
2024-08-24,P04,Laptop Backpack,31,0
2024-08-25,P04,Laptop Backpack,25,0
2024-08-26,P04,Laptop Backpack,20,0
2024-08-27,P04,Laptop Backpack,17,0
2024-08-28,P04,Laptop Backpack,21,0
2024-08-29,P04,Laptop Backpack,30,0
2024-08-30,P04,Laptop Backpack,18,0
2024-08-31,P04,Laptop Backpack,23,0
2024-09-01,P04,Laptop Backpack,20,0
2024-09-02,P04,Laptop Backpack,28,0
2024-09-03,P04,Laptop Backpack,19,0
2024-09-04,P04,Laptop Backpack,21,0
2024-09-05,P04,Laptop Backpack,20,0
2024-09-06,P04,Laptop Backpack,20,0
2024-09-07,P04,Laptop Backpack,28,0
2024-09-08,P04,Laptop Backpack,41,0
2024-09-09,P04,Laptop Backpack,26,0
2024-09-10,P04,Laptop Backpack,17,0
2024-09-11,P04,Laptop Backpack,24,0
2024-09-12,P04,Laptop Backpack,18,0
2024-09-13,P04,Laptop Backpack,15,0
2024-09-14,P04,Laptop Backpack,35,0
2024-09-15,P04,Laptop Backpack,33,0
2024-09-16,P04,Laptop Backpack,25,0
2024-09-17,P04,Laptop Backpack,18,0
2024-09-18,P04,Laptop Backpack,20,0
2024-09-19,P04,Laptop Backpack,25,0
2024-09-20,P04,Laptop Backpack,25,0
2024-09-21,P04,Laptop Backpack,26,0
2024-09-22,P04,Laptop Backpack,18,0
2024-09-23,P04,Laptop Backpack,21,0
2024-09-24,P04,Laptop Backpack,24,0
2024-09-25,P04,Laptop Backpack,16,0
2024-09-26,P04,Laptop Backpack,24,0
2024-09-27,P04,Laptop Backpack,25,0
2024-09-28,P04,Laptop Backpack,33,0
2024-09-29,P04,Laptop Backpack,31,0
2024-09-30,P04,Laptop Backpack,17,0
2024-10-01,P04,Laptop Backpack,19,0
2024-10-02,P04,Laptop Backpack,26,0
2024-10-03,P04,Laptop Backpack,36,0
2024-10-04,P04,Laptop Backpack,30,0
2024-10-05,P04,Laptop Backpack,35,0
2024-10-06,P04,Laptop Backpack,24,0
2024-10-07,P04,Laptop Backpack,38,0
2024-10-08,P04,Laptop Backpack,33,0
2024-10-09,P04,Laptop Backpack,33,0
2024-10-10,P04,Laptop Backpack,36,0
2024-10-11,P04,Laptop Backpack,37,0
2024-10-12,P04,Laptop Backpack,38,0
2024-10-13,P04,Laptop Backpack,36,0
2024-10-14,P04,Laptop Backpack,26,0
2024-10-15,P04,Laptop Backpack,43,0
2024-10-16,P04,Laptop Backpack,32,0
2024-10-17,P04,Laptop Backpack,27,0
2024-10-18,P04,Laptop Backpack,35,0
2024-10-19,P04,Laptop Backpack,32,0
2024-10-20,P04,Laptop Backpack,48,0
2024-10-21,P04,Laptop Backpack,24,0
2024-10-22,P04,Laptop Backpack,31,0
2024-10-23,P04,Laptop Backpack,34,0
2024-10-24,P04,Laptop Backpack,31,0
2024-10-25,P04,Laptop Backpack,33,0
2024-10-26,P04,Laptop Backpack,39,0
2024-10-27,P04,Laptop Backpack,36,0
2024-10-28,P04,Laptop Backpack,24,0
2024-10-29,P04,Laptop Backpack,25,0
2024-10-30,P04,Laptop Backpack,36,0
2024-10-31,P04,Laptop Backpack,39,1
2024-11-01,P04,Laptop Backpack,60,1
2024-11-02,P04,Laptop Backpack,55,1
2024-11-03,P04,Laptop Backpack,50,1
2024-11-04,P04,Laptop Backpack,30,0
2024-11-05,P04,Laptop Backpack,24,0
2024-11-06,P04,Laptop Backpack,26,0
2024-11-07,P04,Laptop Backpack,34,0
2024-11-08,P04,Laptop Backpack,37,0
2024-11-09,P04,Laptop Backpack,31,0
2024-11-10,P04,Laptop Backpack,29,0
2024-11-11,P04,Laptop Backpack,28,0
2024-11-12,P04,Laptop Backpack,36,0
2024-11-13,P04,Laptop Backpack,17,0
2024-11-14,P04,Laptop Backpack,30,0
2024-11-15,P04,Laptop Backpack,23,0
2024-11-16,P04,Laptop Backpack,33,0
2024-11-17,P04,Laptop Backpack,33,0
2024-11-18,P04,Laptop Backpack,25,0
2024-11-19,P04,Laptop Backpack,24,0
2024-11-20,P04,Laptop Backpack,27,0
2024-11-21,P04,Laptop Backpack,25,0
2024-11-22,P04,Laptop Backpack,22,0
2024-11-23,P04,Laptop Backpack,44,0
2024-11-24,P04,Laptop Backpack,40,0
2024-11-25,P04,Laptop Backpack,31,0
2024-11-26,P04,Laptop Backpack,18,0
2024-11-27,P04,Laptop Backpack,29,0
2024-11-28,P04,Laptop Backpack,32,0
2024-11-29,P04,Laptop Backpack,24,0
2024-11-30,P04,Laptop Backpack,50,1
2024-12-01,P04,Laptop Backpack,73,1
2024-12-02,P04,Laptop Backpack,55,1
2024-12-03,P04,Laptop Backpack,38,1
2024-12-04,P04,Laptop Backpack,29,0
2024-12-05,P04,Laptop Backpack,20,0
2024-12-06,P04,Laptop Backpack,30,0
2024-12-07,P04,Laptop Backpack,33,0
2024-12-08,P04,Laptop Backpack,35,0
2024-12-09,P04,Laptop Backpack,25,0
2024-12-10,P04,Laptop Backpack,29,0
2024-12-11,P04,Laptop Backpack,25,0
2024-12-12,P04,Laptop Backpack,24,0
2024-12-13,P04,Laptop Backpack,34,0
2024-12-14,P04,Laptop Backpack,38,0
2024-12-15,P04,Laptop Backpack,36,0
2024-12-16,P04,Laptop Backpack,21,0
2024-12-17,P04,Laptop Backpack,19,0
2024-12-18,P04,Laptop Backpack,29,1
2024-12-19,P04,Laptop Backpack,47,1
2024-12-20,P04,Laptop Backpack,48,1
2024-12-21,P04,Laptop Backpack,58,1
2024-12-22,P04,Laptop Backpack,26,0
2024-12-23,P04,Laptop Backpack,31,0
2024-12-24,P04,Laptop Backpack,24,0
2024-12-25,P04,Laptop Backpack,25,0
2024-12-26,P04,Laptop Backpack,18,0
2024-12-27,P04,Laptop Backpack,17,0
2024-12-28,P04,Laptop Backpack,18,0
2024-12-29,P04,Laptop Backpack,27,0
2024-12-30,P04,Laptop Backpack,16,0
2024-12-31,P04,Laptop Backpack,30,0
2025-01-01,P04,Laptop Backpack,17,0
2025-01-02,P04,Laptop Backpack,17,0
2025-01-03,P04,Laptop Backpack,27,0
2025-01-04,P04,Laptop Backpack,39,0
2025-01-05,P04,Laptop Backpack,28,0
2025-01-06,P04,Laptop Backpack,21,0
2025-01-07,P04,Laptop Backpack,12,0
2025-01-08,P04,Laptop Backpack,16,0
2025-01-09,P04,Laptop Backpack,15,0
2025-01-10,P04,Laptop Backpack,13,0
2025-01-11,P04,Laptop Backpack,27,0
2025-01-12,P04,Laptop Backpack,13,0
2025-01-13,P04,Laptop Backpack,14,0
2025-01-14,P04,Laptop Backpack,17,0
2025-01-15,P04,Laptop Backpack,16,0
2025-01-16,P04,Laptop Backpack,21,0
2025-01-17,P04,Laptop Backpack,37,1
2025-01-18,P04,Laptop Backpack,53,1
2025-01-19,P04,Laptop Backpack,25,0
2025-01-20,P04,Laptop Backpack,20,0
2025-01-21,P04,Laptop Backpack,21,0
2025-01-22,P04,Laptop Backpack,20,0
2025-01-23,P04,Laptop Backpack,18,0
2025-01-24,P04,Laptop Backpack,20,0
2025-01-25,P04,Laptop Backpack,23,0
2025-01-26,P04,Laptop Backpack,27,0
2025-01-27,P04,Laptop Backpack,19,0
2025-01-28,P04,Laptop Backpack,17,0
2025-01-29,P04,Laptop Backpack,17,0
2025-01-30,P04,Laptop Backpack,15,0
2025-01-31,P04,Laptop Backpack,26,0
2025-02-01,P04,Laptop Backpack,28,0
2025-02-02,P04,Laptop Backpack,21,0
2025-02-03,P04,Laptop Backpack,22,0
2025-02-04,P04,Laptop Backpack,17,0
2025-02-05,P04,Laptop Backpack,14,0
2025-02-06,P04,Laptop Backpack,25,0
2025-02-07,P04,Laptop Backpack,20,0
2025-02-08,P04,Laptop Backpack,25,0
2025-02-09,P04,Laptop Backpack,26,0
2025-02-10,P04,Laptop Backpack,24,0
2025-02-11,P04,Laptop Backpack,20,0
2025-02-12,P04,Laptop Backpack,15,0
2025-02-13,P04,Laptop Backpack,23,0
2025-02-14,P04,Laptop Backpack,21,0
2025-02-15,P04,Laptop Backpack,39,0
2025-02-16,P04,Laptop Backpack,26,0
2025-02-17,P04,Laptop Backpack,11,0
2025-02-18,P04,Laptop Backpack,21,0
2025-02-19,P04,Laptop Backpack,28,0
2025-02-20,P04,Laptop Backpack,28,0
2025-02-21,P04,Laptop Backpack,32,0
2025-02-22,P04,Laptop Backpack,23,0
2025-02-23,P04,Laptop Backpack,31,0
2025-02-24,P04,Laptop Backpack,17,0
2025-02-25,P04,Laptop Backpack,21,0
2025-02-26,P04,Laptop Backpack,15,0
2025-02-27,P04,Laptop Backpack,19,0
2025-02-28,P04,Laptop Backpack,20,0
2025-03-01,P04,Laptop Backpack,34,0
2025-03-02,P04,Laptop Backpack,31,0
2025-03-03,P04,Laptop Backpack,23,1
2025-03-04,P04,Laptop Backpack,27,1
2025-03-05,P04,Laptop Backpack,44,1
2025-03-06,P04,Laptop Backpack,26,0
2025-03-07,P04,Laptop Backpack,20,0
2025-03-08,P04,Laptop Backpack,13,0
2025-03-09,P04,Laptop Backpack,18,0
2025-03-10,P04,Laptop Backpack,27,0
2025-03-11,P04,Laptop Backpack,19,0
2025-03-12,P04,Laptop Backpack,18,0
2025-03-13,P04,Laptop Backpack,29,0
2025-03-14,P04,Laptop Backpack,30,0
2025-03-15,P04,Laptop Backpack,30,0
2025-03-16,P04,Laptop Backpack,26,0
2025-03-17,P04,Laptop Backpack,21,0
2025-03-18,P04,Laptop Backpack,22,0
2025-03-19,P04,Laptop Backpack,29,0
2025-03-20,P04,Laptop Backpack,24,0
2025-03-21,P04,Laptop Backpack,28,0
2025-03-22,P04,Laptop Backpack,37,0
2025-03-23,P04,Laptop Backpack,22,0
2025-03-24,P04,Laptop Backpack,25,0
2025-03-25,P04,Laptop Backpack,20,0
2025-03-26,P04,Laptop Backpack,11,0
2025-03-27,P04,Laptop Backpack,13,0
2025-03-28,P04,Laptop Backpack,20,0
2025-03-29,P04,Laptop Backpack,34,0
2025-03-30,P04,Laptop Backpack,29,0
2025-03-31,P04,Laptop Backpack,23,0
2025-04-01,P04,Laptop Backpack,30,0
2025-04-02,P04,Laptop Backpack,17,0
2025-04-03,P04,Laptop Backpack,23,0
2025-04-04,P04,Laptop Backpack,27,0
2025-04-05,P04,Laptop Backpack,27,0
2025-04-06,P04,Laptop Backpack,29,0
2025-04-07,P04,Laptop Backpack,15,0
2025-04-08,P04,Laptop Backpack,32,1
2025-04-09,P04,Laptop Backpack,35,1
2025-04-10,P04,Laptop Backpack,28,0
2025-04-11,P04,Laptop Backpack,26,0
2025-04-12,P04,Laptop Backpack,32,0
2025-04-13,P04,Laptop Backpack,26,0
2025-04-14,P04,Laptop Backpack,23,0
2025-04-15,P04,Laptop Backpack,24,0
2025-04-16,P04,Laptop Backpack,27,1
2025-04-17,P04,Laptop Backpack,34,1
2025-04-18,P04,Laptop Backpack,64,1
2025-04-19,P04,Laptop Backpack,70,1
2025-04-20,P04,Laptop Backpack,29,0
2025-04-21,P04,Laptop Backpack,24,0
2025-04-22,P04,Laptop Backpack,17,0
2025-04-23,P04,Laptop Backpack,21,0
2025-04-24,P04,Laptop Backpack,25,0
2025-04-25,P04,Laptop Backpack,35,0
2025-04-26,P04,Laptop Backpack,34,0
2025-04-27,P04,Laptop Backpack,39,0
2025-04-28,P04,Laptop Backpack,26,0
2025-04-29,P04,Laptop Backpack,31,0
2025-04-30,P04,Laptop Backpack,23,0
2025-05-01,P04,Laptop Backpack,36,0
2025-05-02,P04,Laptop Backpack,24,0
2025-05-03,P04,Laptop Backpack,28,0
2025-05-04,P04,Laptop Backpack,23,0
2025-05-05,P04,Laptop Backpack,34,0
2025-05-06,P04,Laptop Backpack,27,0
2025-05-07,P04,Laptop Backpack,22,0
2025-05-08,P04,Laptop Backpack,31,0
2025-05-09,P04,Laptop Backpack,61,1
2025-05-10,P04,Laptop Backpack,52,1
2025-05-11,P04,Laptop Backpack,27,1
2025-05-12,P04,Laptop Backpack,34,1
2025-05-13,P04,Laptop Backpack,27,0
2025-05-14,P04,Laptop Backpack,35,0
2025-05-15,P04,Laptop Backpack,23,0
2025-05-16,P04,Laptop Backpack,25,0
2025-05-17,P04,Laptop Backpack,34,0
2025-05-18,P04,Laptop Backpack,37,0
2025-05-19,P04,Laptop Backpack,21,0
2025-05-20,P04,Laptop Backpack,21,0
2025-05-21,P04,Laptop Backpack,29,0
2025-05-22,P04,Laptop Backpack,27,0
2025-05-23,P04,Laptop Backpack,41,1
2025-05-24,P04,Laptop Backpack,42,1
2025-05-25,P04,Laptop Backpack,51,1
2025-05-26,P04,Laptop Backpack,20,0
2025-05-27,P04,Laptop Backpack,23,0
2025-05-28,P04,Laptop Backpack,25,0
2025-05-29,P04,Laptop Backpack,29,0
2025-05-30,P04,Laptop Backpack,20,0
2025-05-31,P04,Laptop Backpack,28,0
2025-06-01,P04,Laptop Backpack,33,0
2025-06-02,P04,Laptop Backpack,24,0
2025-06-03,P04,Laptop Backpack,27,0
2025-06-04,P04,Laptop Backpack,19,0
2025-06-05,P04,Laptop Backpack,27,0
2025-06-06,P04,Laptop Backpack,34,0
2025-06-07,P04,Laptop Backpack,38,0
2025-06-08,P04,Laptop Backpack,33,0
2025-06-09,P04,Laptop Backpack,24,0
2025-06-10,P04,Laptop Backpack,20,0
2025-06-11,P04,Laptop Backpack,24,0
2025-06-12,P04,Laptop Backpack,32,0
2025-06-13,P04,Laptop Backpack,27,0
2025-06-14,P04,Laptop Backpack,28,0
2025-06-15,P04,Laptop Backpack,29,0
2025-06-16,P04,Laptop Backpack,25,0
2025-06-17,P04,Laptop Backpack,22,0
2025-06-18,P04,Laptop Backpack,27,0
2025-06-19,P04,Laptop Backpack,28,0
2025-06-20,P04,Laptop Backpack,33,0
2025-06-21,P04,Laptop Backpack,44,0
2025-06-22,P04,Laptop Backpack,38,0
2025-06-23,P04,Laptop Backpack,20,0
2025-06-24,P04,Laptop Backpack,20,0
2025-06-25,P04,Laptop Backpack,24,0
2025-06-26,P04,Laptop Backpack,23,0
2025-06-27,P04,Laptop Backpack,22,0
2025-06-28,P04,Laptop Backpack,32,0
2025-06-29,P04,Laptop Backpack,29,0
2025-06-30,P04,Laptop Backpack,21,0
2025-07-01,P04,Laptop Backpack,23,0
2025-07-02,P04,Laptop Backpack,31,0
2025-07-03,P04,Laptop Backpack,27,0
2025-07-04,P04,Laptop Backpack,42,0
2025-07-05,P04,Laptop Backpack,36,0
2025-07-06,P04,Laptop Backpack,30,0
2025-07-07,P04,Laptop Backpack,24,0
2025-07-08,P04,Laptop Backpack,26,0
2025-07-09,P04,Laptop Backpack,27,0
2025-07-10,P04,Laptop Backpack,36,0
2025-07-11,P04,Laptop Backpack,23,0
2025-07-12,P04,Laptop Backpack,40,0
2025-07-13,P04,Laptop Backpack,33,0
2025-07-14,P04,Laptop Backpack,17,0
2025-07-15,P04,Laptop Backpack,28,0
2025-07-16,P04,Laptop Backpack,34,1
2025-07-17,P04,Laptop Backpack,22,1
2025-07-18,P04,Laptop Backpack,49,1
2025-07-19,P04,Laptop Backpack,31,0
2025-07-20,P04,Laptop Backpack,25,0
2025-07-21,P04,Laptop Backpack,25,0
2025-07-22,P04,Laptop Backpack,22,0
2025-07-23,P04,Laptop Backpack,22,0
2025-07-24,P04,Laptop Backpack,29,0
2025-07-25,P04,Laptop Backpack,21,0
2025-07-26,P04,Laptop Backpack,28,0
2025-07-27,P04,Laptop Backpack,33,0
2025-07-28,P04,Laptop Backpack,29,0
2025-07-29,P04,Laptop Backpack,30,0
2025-07-30,P04,Laptop Backpack,21,0
2025-07-31,P04,Laptop Backpack,30,0
2025-08-01,P04,Laptop Backpack,23,0
2025-08-02,P04,Laptop Backpack,46,0
2025-08-03,P04,Laptop Backpack,24,0
2025-08-04,P04,Laptop Backpack,30,0
2025-08-05,P04,Laptop Backpack,21,0
2025-08-06,P04,Laptop Backpack,34,0
2025-08-07,P04,Laptop Backpack,28,0
2025-08-08,P04,Laptop Backpack,22,0
2025-08-09,P04,Laptop Backpack,30,0
2025-08-10,P04,Laptop Backpack,62,1
2025-08-11,P04,Laptop Backpack,31,1
2025-08-12,P04,Laptop Backpack,41,1
2025-08-13,P04,Laptop Backpack,18,0
2025-08-14,P04,Laptop Backpack,21,0
2025-08-15,P04,Laptop Backpack,29,0
2025-08-16,P04,Laptop Backpack,41,0
2025-08-17,P04,Laptop Backpack,41,0
2025-08-18,P04,Laptop Backpack,27,0
2025-08-19,P04,Laptop Backpack,25,0
2025-08-20,P04,Laptop Backpack,27,0
2025-08-21,P04,Laptop Backpack,21,0
2025-08-22,P04,Laptop Backpack,26,0
2025-08-23,P04,Laptop Backpack,28,0
2025-08-24,P04,Laptop Backpack,51,1
2025-08-25,P04,Laptop Backpack,38,1
2025-08-26,P04,Laptop Backpack,32,1
2025-08-27,P04,Laptop Backpack,26,0
2025-08-28,P04,Laptop Backpack,24,0
2025-08-29,P04,Laptop Backpack,29,0
2025-08-30,P04,Laptop Backpack,28,0
2025-08-31,P04,Laptop Backpack,32,0
2025-09-01,P04,Laptop Backpack,26,0
2025-09-02,P04,Laptop Backpack,20,0
2025-09-03,P04,Laptop Backpack,24,0
2025-09-04,P04,Laptop Backpack,21,0
2025-09-05,P04,Laptop Backpack,24,0
2025-09-06,P04,Laptop Backpack,25,0
2025-09-07,P04,Laptop Backpack,37,0
2025-09-08,P04,Laptop Backpack,27,0
2025-09-09,P04,Laptop Backpack,25,0
2025-09-10,P04,Laptop Backpack,32,0
2025-09-11,P04,Laptop Backpack,23,0
2025-09-12,P04,Laptop Backpack,42,0
2025-09-13,P04,Laptop Backpack,30,0
2025-09-14,P04,Laptop Backpack,31,0
2025-09-15,P04,Laptop Backpack,21,0
2025-09-16,P04,Laptop Backpack,24,0
2025-09-17,P04,Laptop Backpack,27,0
2025-09-18,P04,Laptop Backpack,23,0
2025-09-19,P04,Laptop Backpack,35,0
2025-09-20,P04,Laptop Backpack,33,0
2025-09-21,P04,Laptop Backpack,31,0
2025-09-22,P04,Laptop Backpack,18,0
2025-09-23,P04,Laptop Backpack,24,0
2025-09-24,P04,Laptop Backpack,22,0
2025-09-25,P04,Laptop Backpack,29,1
2025-09-26,P04,Laptop Backpack,32,1
2025-09-27,P04,Laptop Backpack,36,1
2025-09-28,P04,Laptop Backpack,43,1
2025-09-29,P04,Laptop Backpack,35,1
2025-09-30,P04,Laptop Backpack,33,1
2025-10-01,P04,Laptop Backpack,27,0
2025-10-02,P04,Laptop Backpack,29,0
2025-10-03,P04,Laptop Backpack,30,0
2025-10-04,P04,Laptop Backpack,34,0
2025-10-05,P04,Laptop Backpack,50,0
2025-10-06,P04,Laptop Backpack,35,0
2025-10-07,P04,Laptop Backpack,37,0
2025-10-08,P04,Laptop Backpack,32,0
2025-10-09,P04,Laptop Backpack,38,0
2025-10-10,P04,Laptop Backpack,23,0
2025-10-11,P04,Laptop Backpack,52,0
2025-10-12,P04,Laptop Backpack,42,0
2025-10-13,P04,Laptop Backpack,35,0
2025-10-14,P04,Laptop Backpack,33,0
2025-10-15,P04,Laptop Backpack,25,0
2025-10-16,P04,Laptop Backpack,23,0
2025-10-17,P04,Laptop Backpack,30,0
2025-10-18,P04,Laptop Backpack,48,0
2025-10-19,P04,Laptop Backpack,46,0
2025-10-20,P04,Laptop Backpack,22,0
2025-10-21,P04,Laptop Backpack,24,0
2025-10-22,P04,Laptop Backpack,26,0
2025-10-23,P04,Laptop Backpack,30,0
2025-10-24,P04,Laptop Backpack,25,0
2025-10-25,P04,Laptop Backpack,31,0
2025-10-26,P04,Laptop Backpack,33,0
2025-10-27,P04,Laptop Backpack,31,0
2025-10-28,P04,Laptop Backpack,23,0
2025-10-29,P04,Laptop Backpack,30,0
2025-10-30,P04,Laptop Backpack,38,0
2025-10-31,P04,Laptop Backpack,26,0
2025-11-01,P04,Laptop Backpack,41,0
2025-11-02,P04,Laptop Backpack,57,1
2025-11-03,P04,Laptop Backpack,60,1
2025-11-04,P04,Laptop Backpack,55,1
2025-11-05,P04,Laptop Backpack,38,1
2025-11-06,P04,Laptop Backpack,34,0
2025-11-07,P04,Laptop Backpack,37,0
2025-11-08,P04,Laptop Backpack,51,0
2025-11-09,P04,Laptop Backpack,35,0
2025-11-10,P04,Laptop Backpack,30,0
2025-11-11,P04,Laptop Backpack,29,0
2025-11-12,P04,Laptop Backpack,34,0
2025-11-13,P04,Laptop Backpack,25,0
2025-11-14,P04,Laptop Backpack,41,0
2025-11-15,P04,Laptop Backpack,46,0
2025-11-16,P04,Laptop Backpack,28,0
2025-11-17,P04,Laptop Backpack,36,0
2025-11-18,P04,Laptop Backpack,42,0
2025-11-19,P04,Laptop Backpack,36,0
2025-11-20,P04,Laptop Backpack,40,0
2025-11-21,P04,Laptop Backpack,34,0
2025-11-22,P04,Laptop Backpack,28,0
2025-11-23,P04,Laptop Backpack,24,0
2025-11-24,P04,Laptop Backpack,31,0
2025-11-25,P04,Laptop Backpack,26,0
2025-11-26,P04,Laptop Backpack,24,0
2025-11-27,P04,Laptop Backpack,30,0
2025-11-28,P04,Laptop Backpack,38,0
2025-11-29,P04,Laptop Backpack,29,0
2025-11-30,P04,Laptop Backpack,35,0
2025-12-01,P04,Laptop Backpack,34,0
2025-12-02,P04,Laptop Backpack,20,0
2025-12-03,P04,Laptop Backpack,31,0
2025-12-04,P04,Laptop Backpack,25,0
2025-12-05,P04,Laptop Backpack,33,0
2025-12-06,P04,Laptop Backpack,45,0
2025-12-07,P04,Laptop Backpack,39,0
2025-12-08,P04,Laptop Backpack,31,0
2025-12-09,P04,Laptop Backpack,20,0
2025-12-10,P04,Laptop Backpack,32,0
2025-12-11,P04,Laptop Backpack,23,0
2025-12-12,P04,Laptop Backpack,32,0
2025-12-13,P04,Laptop Backpack,39,0
2025-12-14,P04,Laptop Backpack,37,0
2025-12-15,P04,Laptop Backpack,28,0
2025-12-16,P04,Laptop Backpack,22,0
2025-12-17,P04,Laptop Backpack,19,0
2025-12-18,P04,Laptop Backpack,32,0
2025-12-19,P04,Laptop Backpack,31,0
2025-12-20,P04,Laptop Backpack,45,0
2025-12-21,P04,Laptop Backpack,34,0
2025-12-22,P04,Laptop Backpack,19,0
2025-12-23,P04,Laptop Backpack,31,0
2025-12-24,P04,Laptop Backpack,25,0
2025-12-25,P04,Laptop Backpack,29,0
2025-12-26,P04,Laptop Backpack,20,0
2025-12-27,P04,Laptop Backpack,38,0
2025-12-28,P04,Laptop Backpack,22,0
2025-12-29,P04,Laptop Backpack,19,0
2025-12-30,P04,Laptop Backpack,20,0
2024-01-01,P05,Smart Watch,9,0
2024-01-02,P05,Smart Watch,13,0
2024-01-03,P05,Smart Watch,16,0
2024-01-04,P05,Smart Watch,13,0
2024-01-05,P05,Smart Watch,20,0
2024-01-06,P05,Smart Watch,14,0
2024-01-07,P05,Smart Watch,20,0
2024-01-08,P05,Smart Watch,15,0
2024-01-09,P05,Smart Watch,12,0
2024-01-10,P05,Smart Watch,11,0
2024-01-11,P05,Smart Watch,14,0
2024-01-12,P05,Smart Watch,18,0
2024-01-13,P05,Smart Watch,31,0
2024-01-14,P05,Smart Watch,22,0
2024-01-15,P05,Smart Watch,17,0
2024-01-16,P05,Smart Watch,27,0
2024-01-17,P05,Smart Watch,16,0
2024-01-18,P05,Smart Watch,16,0
2024-01-19,P05,Smart Watch,19,0
2024-01-20,P05,Smart Watch,12,0
2024-01-21,P05,Smart Watch,15,0
2024-01-22,P05,Smart Watch,11,0
2024-01-23,P05,Smart Watch,16,0
2024-01-24,P05,Smart Watch,13,0
2024-01-25,P05,Smart Watch,15,0
2024-01-26,P05,Smart Watch,21,0
2024-01-27,P05,Smart Watch,24,0
2024-01-28,P05,Smart Watch,16,0
2024-01-29,P05,Smart Watch,10,0
2024-01-30,P05,Smart Watch,19,0
2024-01-31,P05,Smart Watch,17,0
2024-02-01,P05,Smart Watch,6,0
2024-02-02,P05,Smart Watch,14,0
2024-02-03,P05,Smart Watch,20,0
2024-02-04,P05,Smart Watch,23,0
2024-02-05,P05,Smart Watch,18,0
2024-02-06,P05,Smart Watch,15,0
2024-02-07,P05,Smart Watch,17,0
2024-02-08,P05,Smart Watch,15,0
2024-02-09,P05,Smart Watch,12,0
2024-02-10,P05,Smart Watch,18,0
2024-02-11,P05,Smart Watch,18,0
2024-02-12,P05,Smart Watch,14,0
2024-02-13,P05,Smart Watch,5,0
2024-02-14,P05,Smart Watch,12,0
2024-02-15,P05,Smart Watch,15,0
2024-02-16,P05,Smart Watch,15,0
2024-02-17,P05,Smart Watch,18,0
2024-02-18,P05,Smart Watch,22,0
2024-02-19,P05,Smart Watch,9,0
2024-02-20,P05,Smart Watch,6,0
2024-02-21,P05,Smart Watch,13,0
2024-02-22,P05,Smart Watch,19,0
2024-02-23,P05,Smart Watch,26,0
2024-02-24,P05,Smart Watch,26,0
2024-02-25,P05,Smart Watch,9,0
2024-02-26,P05,Smart Watch,13,0
2024-02-27,P05,Smart Watch,16,0
2024-02-28,P05,Smart Watch,16,0
2024-02-29,P05,Smart Watch,18,0
2024-03-01,P05,Smart Watch,11,0
2024-03-02,P05,Smart Watch,21,0
2024-03-03,P05,Smart Watch,22,0
2024-03-04,P05,Smart Watch,19,0
2024-03-05,P05,Smart Watch,11,0
2024-03-06,P05,Smart Watch,13,0
2024-03-07,P05,Smart Watch,1,0
2024-03-08,P05,Smart Watch,13,0
2024-03-09,P05,Smart Watch,17,0
2024-03-10,P05,Smart Watch,13,0
2024-03-11,P05,Smart Watch,16,0
2024-03-12,P05,Smart Watch,15,0
2024-03-13,P05,Smart Watch,3,0
2024-03-14,P05,Smart Watch,17,0
2024-03-15,P05,Smart Watch,28,1
2024-03-16,P05,Smart Watch,32,1
2024-03-17,P05,Smart Watch,18,0
2024-03-18,P05,Smart Watch,17,0
2024-03-19,P05,Smart Watch,16,0
2024-03-20,P05,Smart Watch,14,0
2024-03-21,P05,Smart Watch,8,0
2024-03-22,P05,Smart Watch,9,0
2024-03-23,P05,Smart Watch,18,0
2024-03-24,P05,Smart Watch,20,0
2024-03-25,P05,Smart Watch,12,0
2024-03-26,P05,Smart Watch,19,0
2024-03-27,P05,Smart Watch,14,0
2024-03-28,P05,Smart Watch,11,0
2024-03-29,P05,Smart Watch,17,0
2024-03-30,P05,Smart Watch,24,0
2024-03-31,P05,Smart Watch,23,0
2024-04-01,P05,Smart Watch,26,0
2024-04-02,P05,Smart Watch,12,0
2024-04-03,P05,Smart Watch,16,0
2024-04-04,P05,Smart Watch,19,0
2024-04-05,P05,Smart Watch,19,0
2024-04-06,P05,Smart Watch,19,0
2024-04-07,P05,Smart Watch,10,0
2024-04-08,P05,Smart Watch,13,0
2024-04-09,P05,Smart Watch,9,1
2024-04-10,P05,Smart Watch,16,1
2024-04-11,P05,Smart Watch,32,1
2024-04-12,P05,Smart Watch,26,1
2024-04-13,P05,Smart Watch,8,0
2024-04-14,P05,Smart Watch,18,0
2024-04-15,P05,Smart Watch,19,0
2024-04-16,P05,Smart Watch,21,0
2024-04-17,P05,Smart Watch,13,0
2024-04-18,P05,Smart Watch,24,0
2024-04-19,P05,Smart Watch,9,0
2024-04-20,P05,Smart Watch,13,0
2024-04-21,P05,Smart Watch,28,0
2024-04-22,P05,Smart Watch,27,0
2024-04-23,P05,Smart Watch,23,1
2024-04-24,P05,Smart Watch,8,1
2024-04-25,P05,Smart Watch,21,1
2024-04-26,P05,Smart Watch,32,1
2024-04-27,P05,Smart Watch,25,0
2024-04-28,P05,Smart Watch,30,0
2024-04-29,P05,Smart Watch,18,0
2024-04-30,P05,Smart Watch,25,0
2024-05-01,P05,Smart Watch,18,0
2024-05-02,P05,Smart Watch,17,0
2024-05-03,P05,Smart Watch,28,0
2024-05-04,P05,Smart Watch,16,0
2024-05-05,P05,Smart Watch,45,0
2024-05-06,P05,Smart Watch,20,0
2024-05-07,P05,Smart Watch,20,0
2024-05-08,P05,Smart Watch,21,0
2024-05-09,P05,Smart Watch,31,0
2024-05-10,P05,Smart Watch,26,0
2024-05-11,P05,Smart Watch,11,0
2024-05-12,P05,Smart Watch,35,0
2024-05-13,P05,Smart Watch,31,1
2024-05-14,P05,Smart Watch,32,1
2024-05-15,P05,Smart Watch,28,1
2024-05-16,P05,Smart Watch,47,1
2024-05-17,P05,Smart Watch,28,1
2024-05-18,P05,Smart Watch,33,1
2024-05-19,P05,Smart Watch,33,0
2024-05-20,P05,Smart Watch,16,0
2024-05-21,P05,Smart Watch,15,0
2024-05-22,P05,Smart Watch,25,0
2024-05-23,P05,Smart Watch,15,0
2024-05-24,P05,Smart Watch,21,0
2024-05-25,P05,Smart Watch,11,0
2024-05-26,P05,Smart Watch,30,0
2024-05-27,P05,Smart Watch,30,0
2024-05-28,P05,Smart Watch,23,0
2024-05-29,P05,Smart Watch,28,0
2024-05-30,P05,Smart Watch,14,0
2024-05-31,P05,Smart Watch,23,0
2024-06-01,P05,Smart Watch,17,0
2024-06-02,P05,Smart Watch,22,0
2024-06-03,P05,Smart Watch,23,0
2024-06-04,P05,Smart Watch,19,0
2024-06-05,P05,Smart Watch,9,0
2024-06-06,P05,Smart Watch,10,0
2024-06-07,P05,Smart Watch,11,0
2024-06-08,P05,Smart Watch,31,0
2024-06-09,P05,Smart Watch,42,0
2024-06-10,P05,Smart Watch,27,0
2024-06-11,P05,Smart Watch,6,0
2024-06-12,P05,Smart Watch,28,0
2024-06-13,P05,Smart Watch,26,0
2024-06-14,P05,Smart Watch,10,0
2024-06-15,P05,Smart Watch,24,0
2024-06-16,P05,Smart Watch,34,0
2024-06-17,P05,Smart Watch,22,0
2024-06-18,P05,Smart Watch,10,0
2024-06-19,P05,Smart Watch,23,0
2024-06-20,P05,Smart Watch,5,0
2024-06-21,P05,Smart Watch,20,0
2024-06-22,P05,Smart Watch,37,0
2024-06-23,P05,Smart Watch,25,0
2024-06-24,P05,Smart Watch,15,0
2024-06-25,P05,Smart Watch,25,0
2024-06-26,P05,Smart Watch,26,0
2024-06-27,P05,Smart Watch,29,0
2024-06-28,P05,Smart Watch,28,0
2024-06-29,P05,Smart Watch,37,0
2024-06-30,P05,Smart Watch,31,0
2024-07-01,P05,Smart Watch,21,0
2024-07-02,P05,Smart Watch,19,0
2024-07-03,P05,Smart Watch,18,0
2024-07-04,P05,Smart Watch,11,0
2024-07-05,P05,Smart Watch,15,0
2024-07-06,P05,Smart Watch,24,0
2024-07-07,P05,Smart Watch,27,0
2024-07-08,P05,Smart Watch,28,0
2024-07-09,P05,Smart Watch,19,0
2024-07-10,P05,Smart Watch,26,0
2024-07-11,P05,Smart Watch,27,0
2024-07-12,P05,Smart Watch,20,0
2024-07-13,P05,Smart Watch,32,0
2024-07-14,P05,Smart Watch,23,0
2024-07-15,P05,Smart Watch,28,0
2024-07-16,P05,Smart Watch,23,0
2024-07-17,P05,Smart Watch,11,0
2024-07-18,P05,Smart Watch,21,0
2024-07-19,P05,Smart Watch,34,0
2024-07-20,P05,Smart Watch,25,0
2024-07-21,P05,Smart Watch,29,0
2024-07-22,P05,Smart Watch,22,0
2024-07-23,P05,Smart Watch,12,0
2024-07-24,P05,Smart Watch,23,0
2024-07-25,P05,Smart Watch,10,0
2024-07-26,P05,Smart Watch,40,1
2024-07-27,P05,Smart Watch,42,1
2024-07-28,P05,Smart Watch,37,1
2024-07-29,P05,Smart Watch,22,0
2024-07-30,P05,Smart Watch,18,0
2024-07-31,P05,Smart Watch,19,0
2024-08-01,P05,Smart Watch,24,0
2024-08-02,P05,Smart Watch,16,0
2024-08-03,P05,Smart Watch,27,0
2024-08-04,P05,Smart Watch,22,0
2024-08-05,P05,Smart Watch,8,0
2024-08-06,P05,Smart Watch,13,0
2024-08-07,P05,Smart Watch,30,0
2024-08-08,P05,Smart Watch,22,0
2024-08-09,P05,Smart Watch,12,0
2024-08-10,P05,Smart Watch,12,0
2024-08-11,P05,Smart Watch,24,0
2024-08-12,P05,Smart Watch,29,0
2024-08-13,P05,Smart Watch,17,0
2024-08-14,P05,Smart Watch,28,0
2024-08-15,P05,Smart Watch,22,0
2024-08-16,P05,Smart Watch,25,0
2024-08-17,P05,Smart Watch,14,0
2024-08-18,P05,Smart Watch,33,0
2024-08-19,P05,Smart Watch,16,0
2024-08-20,P05,Smart Watch,24,0
2024-08-21,P05,Smart Watch,14,0
2024-08-22,P05,Smart Watch,21,0
2024-08-23,P05,Smart Watch,24,0
2024-08-24,P05,Smart Watch,25,0
2024-08-25,P05,Smart Watch,28,0
2024-08-26,P05,Smart Watch,17,0
2024-08-27,P05,Smart Watch,14,0
2024-08-28,P05,Smart Watch,29,0
2024-08-29,P05,Smart Watch,27,0
2024-08-30,P05,Smart Watch,39,1
2024-08-31,P05,Smart Watch,23,1
2024-09-01,P05,Smart Watch,33,0
2024-09-02,P05,Smart Watch,7,0
2024-09-03,P05,Smart Watch,24,0
2024-09-04,P05,Smart Watch,17,0
2024-09-05,P05,Smart Watch,18,0
2024-09-06,P05,Smart Watch,24,0
2024-09-07,P05,Smart Watch,31,0
2024-09-08,P05,Smart Watch,17,0
2024-09-09,P05,Smart Watch,23,0
2024-09-10,P05,Smart Watch,19,0
2024-09-11,P05,Smart Watch,10,0
2024-09-12,P05,Smart Watch,18,0
2024-09-13,P05,Smart Watch,31,0
2024-09-14,P05,Smart Watch,41,0
2024-09-15,P05,Smart Watch,30,0
2024-09-16,P05,Smart Watch,11,0
2024-09-17,P05,Smart Watch,21,0
2024-09-18,P05,Smart Watch,24,0
2024-09-19,P05,Smart Watch,24,0
2024-09-20,P05,Smart Watch,26,0
2024-09-21,P05,Smart Watch,29,0
2024-09-22,P05,Smart Watch,23,0
2024-09-23,P05,Smart Watch,14,0
2024-09-24,P05,Smart Watch,28,1
2024-09-25,P05,Smart Watch,36,1
2024-09-26,P05,Smart Watch,10,0
2024-09-27,P05,Smart Watch,25,0
2024-09-28,P05,Smart Watch,43,0
2024-09-29,P05,Smart Watch,24,0
2024-09-30,P05,Smart Watch,17,0
2024-10-01,P05,Smart Watch,28,0
2024-10-02,P05,Smart Watch,45,0
2024-10-03,P05,Smart Watch,17,0
2024-10-04,P05,Smart Watch,32,0
2024-10-05,P05,Smart Watch,26,0
2024-10-06,P05,Smart Watch,27,0
2024-10-07,P05,Smart Watch,25,0
2024-10-08,P05,Smart Watch,37,0
2024-10-09,P05,Smart Watch,42,0
2024-10-10,P05,Smart Watch,31,0
2024-10-11,P05,Smart Watch,25,0
2024-10-12,P05,Smart Watch,67,0
2024-10-13,P05,Smart Watch,28,0
2024-10-14,P05,Smart Watch,20,0
2024-10-15,P05,Smart Watch,10,0
2024-10-16,P05,Smart Watch,38,0
2024-10-17,P05,Smart Watch,35,0
2024-10-18,P05,Smart Watch,54,0
2024-10-19,P05,Smart Watch,18,0
2024-10-20,P05,Smart Watch,50,0
2024-10-21,P05,Smart Watch,26,0
2024-10-22,P05,Smart Watch,32,0
2024-10-23,P05,Smart Watch,11,0
2024-10-24,P05,Smart Watch,40,0
2024-10-25,P05,Smart Watch,37,0
2024-10-26,P05,Smart Watch,35,0
2024-10-27,P05,Smart Watch,40,0
2024-10-28,P05,Smart Watch,18,0
2024-10-29,P05,Smart Watch,20,0
2024-10-30,P05,Smart Watch,21,0
2024-10-31,P05,Smart Watch,9,0
2024-11-01,P05,Smart Watch,37,0
2024-11-02,P05,Smart Watch,50,0
2024-11-03,P05,Smart Watch,25,0
2024-11-04,P05,Smart Watch,28,0
2024-11-05,P05,Smart Watch,22,0
2024-11-06,P05,Smart Watch,28,0
2024-11-07,P05,Smart Watch,20,0
2024-11-08,P05,Smart Watch,20,0
2024-11-09,P05,Smart Watch,48,0
2024-11-10,P05,Smart Watch,32,0
2024-11-11,P05,Smart Watch,42,0
2024-11-12,P05,Smart Watch,25,0
2024-11-13,P05,Smart Watch,17,0
2024-11-14,P05,Smart Watch,37,0
2024-11-15,P05,Smart Watch,35,0
2024-11-16,P05,Smart Watch,44,0
2024-11-17,P05,Smart Watch,46,0
2024-11-18,P05,Smart Watch,19,0
2024-11-19,P05,Smart Watch,23,0
2024-11-20,P05,Smart Watch,23,0
2024-11-21,P05,Smart Watch,38,1
2024-11-22,P05,Smart Watch,50,1
2024-11-23,P05,Smart Watch,27,1
2024-11-24,P05,Smart Watch,51,0
2024-11-25,P05,Smart Watch,24,0
2024-11-26,P05,Smart Watch,19,0
2024-11-27,P05,Smart Watch,23,0
2024-11-28,P05,Smart Watch,12,0
2024-11-29,P05,Smart Watch,42,0
2024-11-30,P05,Smart Watch,30,0
2024-12-01,P05,Smart Watch,43,0
2024-12-02,P05,Smart Watch,22,0
2024-12-03,P05,Smart Watch,33,0
2024-12-04,P05,Smart Watch,24,0
2024-12-05,P05,Smart Watch,30,0
2024-12-06,P05,Smart Watch,32,0
2024-12-07,P05,Smart Watch,38,0
2024-12-08,P05,Smart Watch,32,0
2024-12-09,P05,Smart Watch,20,0
2024-12-10,P05,Smart Watch,37,0
2024-12-11,P05,Smart Watch,15,0
2024-12-12,P05,Smart Watch,23,0
2024-12-13,P05,Smart Watch,26,0
2024-12-14,P05,Smart Watch,36,0
2024-12-15,P05,Smart Watch,25,0
2024-12-16,P05,Smart Watch,24,0
2024-12-17,P05,Smart Watch,21,0
2024-12-18,P05,Smart Watch,10,0
2024-12-19,P05,Smart Watch,23,0
2024-12-20,P05,Smart Watch,16,0
2024-12-21,P05,Smart Watch,12,0
2024-12-22,P05,Smart Watch,30,0
2024-12-23,P05,Smart Watch,26,0
2024-12-24,P05,Smart Watch,26,0
2024-12-25,P05,Smart Watch,27,0
2024-12-26,P05,Smart Watch,6,0
2024-12-27,P05,Smart Watch,10,0
2024-12-28,P05,Smart Watch,21,1
2024-12-29,P05,Smart Watch,23,1
2024-12-30,P05,Smart Watch,18,0
2024-12-31,P05,Smart Watch,13,0
2025-01-01,P05,Smart Watch,24,0
2025-01-02,P05,Smart Watch,22,0
2025-01-03,P05,Smart Watch,19,0
2025-01-04,P05,Smart Watch,18,0
2025-01-05,P05,Smart Watch,24,1
2025-01-06,P05,Smart Watch,54,1
2025-01-07,P05,Smart Watch,34,1
2025-01-08,P05,Smart Watch,17,0
2025-01-09,P05,Smart Watch,6,0
2025-01-10,P05,Smart Watch,11,0
2025-01-11,P05,Smart Watch,36,0
2025-01-12,P05,Smart Watch,17,0
2025-01-13,P05,Smart Watch,13,0
2025-01-14,P05,Smart Watch,16,0
2025-01-15,P05,Smart Watch,11,0
2025-01-16,P05,Smart Watch,11,0
2025-01-17,P05,Smart Watch,20,0
2025-01-18,P05,Smart Watch,17,0
2025-01-19,P05,Smart Watch,17,0
2025-01-20,P05,Smart Watch,13,0
2025-01-21,P05,Smart Watch,21,0
2025-01-22,P05,Smart Watch,17,0
2025-01-23,P05,Smart Watch,18,0
2025-01-24,P05,Smart Watch,25,0
2025-01-25,P05,Smart Watch,24,0
2025-01-26,P05,Smart Watch,21,0
2025-01-27,P05,Smart Watch,21,0
2025-01-28,P05,Smart Watch,22,0
2025-01-29,P05,Smart Watch,17,0
2025-01-30,P05,Smart Watch,20,0
2025-01-31,P05,Smart Watch,15,0
2025-02-01,P05,Smart Watch,18,0
2025-02-02,P05,Smart Watch,30,0
2025-02-03,P05,Smart Watch,21,0
2025-02-04,P05,Smart Watch,21,0
2025-02-05,P05,Smart Watch,21,0
2025-02-06,P05,Smart Watch,20,0
2025-02-07,P05,Smart Watch,27,0
2025-02-08,P05,Smart Watch,35,0
2025-02-09,P05,Smart Watch,32,0
2025-02-10,P05,Smart Watch,18,0
2025-02-11,P05,Smart Watch,28,0
2025-02-12,P05,Smart Watch,21,0
2025-02-13,P05,Smart Watch,24,0
2025-02-14,P05,Smart Watch,24,0
2025-02-15,P05,Smart Watch,29,0
2025-02-16,P05,Smart Watch,18,0
2025-02-17,P05,Smart Watch,24,0
2025-02-18,P05,Smart Watch,38,0
2025-02-19,P05,Smart Watch,17,0
2025-02-20,P05,Smart Watch,21,0
2025-02-21,P05,Smart Watch,19,0
2025-02-22,P05,Smart Watch,23,0
2025-02-23,P05,Smart Watch,39,0
2025-02-24,P05,Smart Watch,15,0
2025-02-25,P05,Smart Watch,16,0
2025-02-26,P05,Smart Watch,9,0
2025-02-27,P05,Smart Watch,15,0
2025-02-28,P05,Smart Watch,9,0
2025-03-01,P05,Smart Watch,34,0
2025-03-02,P05,Smart Watch,51,0
2025-03-03,P05,Smart Watch,17,0
2025-03-04,P05,Smart Watch,8,0
2025-03-05,P05,Smart Watch,26,0
2025-03-06,P05,Smart Watch,16,0
2025-03-07,P05,Smart Watch,33,0
2025-03-08,P05,Smart Watch,25,0
2025-03-09,P05,Smart Watch,20,0
2025-03-10,P05,Smart Watch,19,0
2025-03-11,P05,Smart Watch,25,0
2025-03-12,P05,Smart Watch,19,0
2025-03-13,P05,Smart Watch,18,0
2025-03-14,P05,Smart Watch,22,0
2025-03-15,P05,Smart Watch,16,0
2025-03-16,P05,Smart Watch,30,0
2025-03-17,P05,Smart Watch,8,0
2025-03-18,P05,Smart Watch,17,0
2025-03-19,P05,Smart Watch,26,0
2025-03-20,P05,Smart Watch,24,0
2025-03-21,P05,Smart Watch,29,0
2025-03-22,P05,Smart Watch,29,0
2025-03-23,P05,Smart Watch,38,0
2025-03-24,P05,Smart Watch,27,0
2025-03-25,P05,Smart Watch,24,0
2025-03-26,P05,Smart Watch,28,0
2025-03-27,P05,Smart Watch,28,0
2025-03-28,P05,Smart Watch,21,0
2025-03-29,P05,Smart Watch,16,0
2025-03-30,P05,Smart Watch,32,0
2025-03-31,P05,Smart Watch,25,0
2025-04-01,P05,Smart Watch,29,0
2025-04-02,P05,Smart Watch,15,0
2025-04-03,P05,Smart Watch,15,0
2025-04-04,P05,Smart Watch,29,0
2025-04-05,P05,Smart Watch,30,0
2025-04-06,P05,Smart Watch,10,0
2025-04-07,P05,Smart Watch,24,0
2025-04-08,P05,Smart Watch,8,0
2025-04-09,P05,Smart Watch,15,0
2025-04-10,P05,Smart Watch,34,0
2025-04-11,P05,Smart Watch,41,0
2025-04-12,P05,Smart Watch,18,0
2025-04-13,P05,Smart Watch,25,0
2025-04-14,P05,Smart Watch,22,0
2025-04-15,P05,Smart Watch,36,0
2025-04-16,P05,Smart Watch,19,0
2025-04-17,P05,Smart Watch,19,0
2025-04-18,P05,Smart Watch,40,0
2025-04-19,P05,Smart Watch,27,0
2025-04-20,P05,Smart Watch,37,0
2025-04-21,P05,Smart Watch,11,0
2025-04-22,P05,Smart Watch,21,0
2025-04-23,P05,Smart Watch,10,0
2025-04-24,P05,Smart Watch,15,0
2025-04-25,P05,Smart Watch,34,0
2025-04-26,P05,Smart Watch,32,0
2025-04-27,P05,Smart Watch,26,0
2025-04-28,P05,Smart Watch,17,0
2025-04-29,P05,Smart Watch,21,0
2025-04-30,P05,Smart Watch,47,1
2025-05-01,P05,Smart Watch,26,1
2025-05-02,P05,Smart Watch,37,1
2025-05-03,P05,Smart Watch,49,1
2025-05-04,P05,Smart Watch,27,0
2025-05-05,P05,Smart Watch,19,0
2025-05-06,P05,Smart Watch,21,0
2025-05-07,P05,Smart Watch,33,0
2025-05-08,P05,Smart Watch,18,0
2025-05-09,P05,Smart Watch,26,0
2025-05-10,P05,Smart Watch,35,0
2025-05-11,P05,Smart Watch,47,0
2025-05-12,P05,Smart Watch,21,0
2025-05-13,P05,Smart Watch,31,0
2025-05-14,P05,Smart Watch,34,0
2025-05-15,P05,Smart Watch,24,0
2025-05-16,P05,Smart Watch,25,0
2025-05-17,P05,Smart Watch,30,0
2025-05-18,P05,Smart Watch,61,1
2025-05-19,P05,Smart Watch,40,1
2025-05-20,P05,Smart Watch,22,1
2025-05-21,P05,Smart Watch,33,1
2025-05-22,P05,Smart Watch,18,0
2025-05-23,P05,Smart Watch,41,0
2025-05-24,P05,Smart Watch,37,0
2025-05-25,P05,Smart Watch,38,0
2025-05-26,P05,Smart Watch,23,0
2025-05-27,P05,Smart Watch,21,0
2025-05-28,P05,Smart Watch,23,0
2025-05-29,P05,Smart Watch,13,0
2025-05-30,P05,Smart Watch,27,0
2025-05-31,P05,Smart Watch,38,0
2025-06-01,P05,Smart Watch,52,0
2025-06-02,P05,Smart Watch,25,0
2025-06-03,P05,Smart Watch,4,0
2025-06-04,P05,Smart Watch,24,0
2025-06-05,P05,Smart Watch,50,0
2025-06-06,P05,Smart Watch,37,0
2025-06-07,P05,Smart Watch,25,0
2025-06-08,P05,Smart Watch,39,0
2025-06-09,P05,Smart Watch,18,0
2025-06-10,P05,Smart Watch,13,0
2025-06-11,P05,Smart Watch,22,0
2025-06-12,P05,Smart Watch,26,0
2025-06-13,P05,Smart Watch,23,1
2025-06-14,P05,Smart Watch,49,1
2025-06-15,P05,Smart Watch,37,0
2025-06-16,P05,Smart Watch,14,0
2025-06-17,P05,Smart Watch,31,0
2025-06-18,P05,Smart Watch,15,0
2025-06-19,P05,Smart Watch,41,0
2025-06-20,P05,Smart Watch,11,0
2025-06-21,P05,Smart Watch,22,0
2025-06-22,P05,Smart Watch,37,0
2025-06-23,P05,Smart Watch,39,0
2025-06-24,P05,Smart Watch,27,0
2025-06-25,P05,Smart Watch,30,0
2025-06-26,P05,Smart Watch,26,0
2025-06-27,P05,Smart Watch,18,0
2025-06-28,P05,Smart Watch,29,0
2025-06-29,P05,Smart Watch,19,0
2025-06-30,P05,Smart Watch,14,0
2025-07-01,P05,Smart Watch,28,0
2025-07-02,P05,Smart Watch,15,0
2025-07-03,P05,Smart Watch,29,0
2025-07-04,P05,Smart Watch,16,0
2025-07-05,P05,Smart Watch,39,0
2025-07-06,P05,Smart Watch,27,0
2025-07-07,P05,Smart Watch,37,0
2025-07-08,P05,Smart Watch,27,0
2025-07-09,P05,Smart Watch,36,0
2025-07-10,P05,Smart Watch,19,0
2025-07-11,P05,Smart Watch,29,0
2025-07-12,P05,Smart Watch,23,0
2025-07-13,P05,Smart Watch,28,0
2025-07-14,P05,Smart Watch,22,0
2025-07-15,P05,Smart Watch,18,0
2025-07-16,P05,Smart Watch,14,0
2025-07-17,P05,Smart Watch,13,0
2025-07-18,P05,Smart Watch,5,0
2025-07-19,P05,Smart Watch,22,0
2025-07-20,P05,Smart Watch,40,0
2025-07-21,P05,Smart Watch,11,0
2025-07-22,P05,Smart Watch,13,0
2025-07-23,P05,Smart Watch,41,0
2025-07-24,P05,Smart Watch,20,0
2025-07-25,P05,Smart Watch,51,1
2025-07-26,P05,Smart Watch,23,1
2025-07-27,P05,Smart Watch,18,1
2025-07-28,P05,Smart Watch,46,0
2025-07-29,P05,Smart Watch,11,0
2025-07-30,P05,Smart Watch,22,1
2025-07-31,P05,Smart Watch,55,1
2025-08-01,P05,Smart Watch,33,1
2025-08-02,P05,Smart Watch,19,0
2025-08-03,P05,Smart Watch,7,0
2025-08-04,P05,Smart Watch,22,0
2025-08-05,P05,Smart Watch,22,0
2025-08-06,P05,Smart Watch,19,0
2025-08-07,P05,Smart Watch,28,0
2025-08-08,P05,Smart Watch,32,0
2025-08-09,P05,Smart Watch,39,0
2025-08-10,P05,Smart Watch,26,1
2025-08-11,P05,Smart Watch,37,1
2025-08-12,P05,Smart Watch,46,1
2025-08-13,P05,Smart Watch,12,0
2025-08-14,P05,Smart Watch,13,0
2025-08-15,P05,Smart Watch,21,0
2025-08-16,P05,Smart Watch,22,0
2025-08-17,P05,Smart Watch,40,0
2025-08-18,P05,Smart Watch,27,0
2025-08-19,P05,Smart Watch,33,0
2025-08-20,P05,Smart Watch,28,0
2025-08-21,P05,Smart Watch,27,0
2025-08-22,P05,Smart Watch,48,1
2025-08-23,P05,Smart Watch,78,1
2025-08-24,P05,Smart Watch,33,0
2025-08-25,P05,Smart Watch,21,0
2025-08-26,P05,Smart Watch,17,0
2025-08-27,P05,Smart Watch,30,0
2025-08-28,P05,Smart Watch,36,0
2025-08-29,P05,Smart Watch,27,0
2025-08-30,P05,Smart Watch,49,0
2025-08-31,P05,Smart Watch,10,0
2025-09-01,P05,Smart Watch,23,0
2025-09-02,P05,Smart Watch,23,0
2025-09-03,P05,Smart Watch,18,0
2025-09-04,P05,Smart Watch,46,0
2025-09-05,P05,Smart Watch,27,0
2025-09-06,P05,Smart Watch,29,0
2025-09-07,P05,Smart Watch,31,0
2025-09-08,P05,Smart Watch,7,0
2025-09-09,P05,Smart Watch,17,0
2025-09-10,P05,Smart Watch,32,0
2025-09-11,P05,Smart Watch,19,0
2025-09-12,P05,Smart Watch,19,0
2025-09-13,P05,Smart Watch,49,0
2025-09-14,P05,Smart Watch,45,0
2025-09-15,P05,Smart Watch,28,0
2025-09-16,P05,Smart Watch,20,0
2025-09-17,P05,Smart Watch,22,0
2025-09-18,P05,Smart Watch,18,0
2025-09-19,P05,Smart Watch,18,0
2025-09-20,P05,Smart Watch,21,0
2025-09-21,P05,Smart Watch,24,0
2025-09-22,P05,Smart Watch,15,0
2025-09-23,P05,Smart Watch,10,0
2025-09-24,P05,Smart Watch,25,0
2025-09-25,P05,Smart Watch,26,0
2025-09-26,P05,Smart Watch,42,0
2025-09-27,P05,Smart Watch,25,0
2025-09-28,P05,Smart Watch,33,0
2025-09-29,P05,Smart Watch,25,0
2025-09-30,P05,Smart Watch,21,0
2025-10-01,P05,Smart Watch,43,0
2025-10-02,P05,Smart Watch,53,1
2025-10-03,P05,Smart Watch,49,1
2025-10-04,P05,Smart Watch,51,1
2025-10-05,P05,Smart Watch,39,1
2025-10-06,P05,Smart Watch,38,0
2025-10-07,P05,Smart Watch,47,0
2025-10-08,P05,Smart Watch,23,0
2025-10-09,P05,Smart Watch,38,0
2025-10-10,P05,Smart Watch,24,0
2025-10-11,P05,Smart Watch,41,0
2025-10-12,P05,Smart Watch,32,0
2025-10-13,P05,Smart Watch,39,0
2025-10-14,P05,Smart Watch,25,0
2025-10-15,P05,Smart Watch,45,0
2025-10-16,P05,Smart Watch,31,0
2025-10-17,P05,Smart Watch,29,0
2025-10-18,P05,Smart Watch,26,0
2025-10-19,P05,Smart Watch,46,0
2025-10-20,P05,Smart Watch,42,0
2025-10-21,P05,Smart Watch,35,0
2025-10-22,P05,Smart Watch,58,0
2025-10-23,P05,Smart Watch,51,0
2025-10-24,P05,Smart Watch,33,0
2025-10-25,P05,Smart Watch,40,0
2025-10-26,P05,Smart Watch,49,0
2025-10-27,P05,Smart Watch,23,0
2025-10-28,P05,Smart Watch,45,0
2025-10-29,P05,Smart Watch,37,0
2025-10-30,P05,Smart Watch,36,0
2025-10-31,P05,Smart Watch,46,0
2025-11-01,P05,Smart Watch,72,0
2025-11-02,P05,Smart Watch,44,0
2025-11-03,P05,Smart Watch,30,0
2025-11-04,P05,Smart Watch,48,0
2025-11-05,P05,Smart Watch,43,0
2025-11-06,P05,Smart Watch,30,0
2025-11-07,P05,Smart Watch,37,0
2025-11-08,P05,Smart Watch,48,0
2025-11-09,P05,Smart Watch,47,0
2025-11-10,P05,Smart Watch,17,0
2025-11-11,P05,Smart Watch,14,0
2025-11-12,P05,Smart Watch,22,0
2025-11-13,P05,Smart Watch,22,0
2025-11-14,P05,Smart Watch,28,0
2025-11-15,P05,Smart Watch,54,0
2025-11-16,P05,Smart Watch,39,0
2025-11-17,P05,Smart Watch,33,0
2025-11-18,P05,Smart Watch,18,0
2025-11-19,P05,Smart Watch,27,0
2025-11-20,P05,Smart Watch,40,0
2025-11-21,P05,Smart Watch,44,0
2025-11-22,P05,Smart Watch,33,0
2025-11-23,P05,Smart Watch,43,0
2025-11-24,P05,Smart Watch,55,0
2025-11-25,P05,Smart Watch,31,0
2025-11-26,P05,Smart Watch,24,0
2025-11-27,P05,Smart Watch,31,0
2025-11-28,P05,Smart Watch,37,0
2025-11-29,P05,Smart Watch,42,0
2025-11-30,P05,Smart Watch,41,0
2025-12-01,P05,Smart Watch,14,0
2025-12-02,P05,Smart Watch,19,0
2025-12-03,P05,Smart Watch,27,0
2025-12-04,P05,Smart Watch,28,0
2025-12-05,P05,Smart Watch,26,0
2025-12-06,P05,Smart Watch,37,0
2025-12-07,P05,Smart Watch,37,0
2025-12-08,P05,Smart Watch,37,0
2025-12-09,P05,Smart Watch,27,0
2025-12-10,P05,Smart Watch,32,0
2025-12-11,P05,Smart Watch,24,0
2025-12-12,P05,Smart Watch,39,0
2025-12-13,P05,Smart Watch,45,0
2025-12-14,P05,Smart Watch,48,0
2025-12-15,P05,Smart Watch,35,0
2025-12-16,P05,Smart Watch,34,0
2025-12-17,P05,Smart Watch,28,0
2025-12-18,P05,Smart Watch,32,0
2025-12-19,P05,Smart Watch,45,0
2025-12-20,P05,Smart Watch,31,0
2025-12-21,P05,Smart Watch,29,0
2025-12-22,P05,Smart Watch,30,0
2025-12-23,P05,Smart Watch,32,0
2025-12-24,P05,Smart Watch,20,0
2025-12-25,P05,Smart Watch,29,0
2025-12-26,P05,Smart Watch,24,0
2025-12-27,P05,Smart Watch,7,0
2025-12-28,P05,Smart Watch,26,0
2025-12-29,P05,Smart Watch,21,0
2025-12-30,P05,Smart Watch,21,0
2024-01-01,P06,Power Bank 10000mAh,35,0
2024-01-02,P06,Power Bank 10000mAh,29,0
2024-01-03,P06,Power Bank 10000mAh,46,0
2024-01-04,P06,Power Bank 10000mAh,33,0
2024-01-05,P06,Power Bank 10000mAh,45,0
2024-01-06,P06,Power Bank 10000mAh,24,0
2024-01-07,P06,Power Bank 10000mAh,48,0
2024-01-08,P06,Power Bank 10000mAh,37,0
2024-01-09,P06,Power Bank 10000mAh,30,0
2024-01-10,P06,Power Bank 10000mAh,33,0
2024-01-11,P06,Power Bank 10000mAh,34,0
2024-01-12,P06,Power Bank 10000mAh,30,0
2024-01-13,P06,Power Bank 10000mAh,46,0
2024-01-14,P06,Power Bank 10000mAh,33,0
2024-01-15,P06,Power Bank 10000mAh,27,0
2024-01-16,P06,Power Bank 10000mAh,36,0
2024-01-17,P06,Power Bank 10000mAh,36,0
2024-01-18,P06,Power Bank 10000mAh,28,0
2024-01-19,P06,Power Bank 10000mAh,30,0
2024-01-20,P06,Power Bank 10000mAh,38,0
2024-01-21,P06,Power Bank 10000mAh,45,0
2024-01-22,P06,Power Bank 10000mAh,25,0
2024-01-23,P06,Power Bank 10000mAh,32,0
2024-01-24,P06,Power Bank 10000mAh,35,0
2024-01-25,P06,Power Bank 10000mAh,31,0
2024-01-26,P06,Power Bank 10000mAh,42,0
2024-01-27,P06,Power Bank 10000mAh,41,0
2024-01-28,P06,Power Bank 10000mAh,39,0
2024-01-29,P06,Power Bank 10000mAh,25,0
2024-01-30,P06,Power Bank 10000mAh,36,0
2024-01-31,P06,Power Bank 10000mAh,27,0
2024-02-01,P06,Power Bank 10000mAh,34,0
2024-02-02,P06,Power Bank 10000mAh,35,0
2024-02-03,P06,Power Bank 10000mAh,35,0
2024-02-04,P06,Power Bank 10000mAh,36,0
2024-02-05,P06,Power Bank 10000mAh,39,0
2024-02-06,P06,Power Bank 10000mAh,32,0
2024-02-07,P06,Power Bank 10000mAh,26,0
2024-02-08,P06,Power Bank 10000mAh,35,0
2024-02-09,P06,Power Bank 10000mAh,35,0
2024-02-10,P06,Power Bank 10000mAh,72,0
2024-02-11,P06,Power Bank 10000mAh,43,0
2024-02-12,P06,Power Bank 10000mAh,29,0
2024-02-13,P06,Power Bank 10000mAh,40,0
2024-02-14,P06,Power Bank 10000mAh,22,0
2024-02-15,P06,Power Bank 10000mAh,34,0
2024-02-16,P06,Power Bank 10000mAh,50,0
2024-02-17,P06,Power Bank 10000mAh,44,0
2024-02-18,P06,Power Bank 10000mAh,29,0
2024-02-19,P06,Power Bank 10000mAh,30,0
2024-02-20,P06,Power Bank 10000mAh,40,0
2024-02-21,P06,Power Bank 10000mAh,35,0
2024-02-22,P06,Power Bank 10000mAh,29,0
2024-02-23,P06,Power Bank 10000mAh,33,0
2024-02-24,P06,Power Bank 10000mAh,41,0
2024-02-25,P06,Power Bank 10000mAh,45,0
2024-02-26,P06,Power Bank 10000mAh,40,0
2024-02-27,P06,Power Bank 10000mAh,39,0
2024-02-28,P06,Power Bank 10000mAh,36,0
2024-02-29,P06,Power Bank 10000mAh,26,0
2024-03-01,P06,Power Bank 10000mAh,29,0
2024-03-02,P06,Power Bank 10000mAh,51,0
2024-03-03,P06,Power Bank 10000mAh,33,0
2024-03-04,P06,Power Bank 10000mAh,32,0
2024-03-05,P06,Power Bank 10000mAh,35,0
2024-03-06,P06,Power Bank 10000mAh,27,0
2024-03-07,P06,Power Bank 10000mAh,29,0
2024-03-08,P06,Power Bank 10000mAh,38,0
2024-03-09,P06,Power Bank 10000mAh,52,0
2024-03-10,P06,Power Bank 10000mAh,52,0
2024-03-11,P06,Power Bank 10000mAh,37,0
2024-03-12,P06,Power Bank 10000mAh,34,0
2024-03-13,P06,Power Bank 10000mAh,30,0
2024-03-14,P06,Power Bank 10000mAh,29,0
2024-03-15,P06,Power Bank 10000mAh,36,0
2024-03-16,P06,Power Bank 10000mAh,52,0
2024-03-17,P06,Power Bank 10000mAh,48,0
2024-03-18,P06,Power Bank 10000mAh,21,0
2024-03-19,P06,Power Bank 10000mAh,29,0
2024-03-20,P06,Power Bank 10000mAh,43,0
2024-03-21,P06,Power Bank 10000mAh,37,0
2024-03-22,P06,Power Bank 10000mAh,30,0
2024-03-23,P06,Power Bank 10000mAh,70,0
2024-03-24,P06,Power Bank 10000mAh,45,0
2024-03-25,P06,Power Bank 10000mAh,37,0
2024-03-26,P06,Power Bank 10000mAh,37,0
2024-03-27,P06,Power Bank 10000mAh,33,0
2024-03-28,P06,Power Bank 10000mAh,32,0
2024-03-29,P06,Power Bank 10000mAh,56,0
2024-03-30,P06,Power Bank 10000mAh,59,0
2024-03-31,P06,Power Bank 10000mAh,53,0
2024-04-01,P06,Power Bank 10000mAh,39,0
2024-04-02,P06,Power Bank 10000mAh,58,1
2024-04-03,P06,Power Bank 10000mAh,62,1
2024-04-04,P06,Power Bank 10000mAh,26,0
2024-04-05,P06,Power Bank 10000mAh,26,0
2024-04-06,P06,Power Bank 10000mAh,54,0
2024-04-07,P06,Power Bank 10000mAh,40,0
2024-04-08,P06,Power Bank 10000mAh,23,0
2024-04-09,P06,Power Bank 10000mAh,39,0
2024-04-10,P06,Power Bank 10000mAh,51,0
2024-04-11,P06,Power Bank 10000mAh,48,0
2024-04-12,P06,Power Bank 10000mAh,40,0
2024-04-13,P06,Power Bank 10000mAh,52,0
2024-04-14,P06,Power Bank 10000mAh,55,0
2024-04-15,P06,Power Bank 10000mAh,44,0
2024-04-16,P06,Power Bank 10000mAh,34,0
2024-04-17,P06,Power Bank 10000mAh,38,0
2024-04-18,P06,Power Bank 10000mAh,41,0
2024-04-19,P06,Power Bank 10000mAh,47,0
2024-04-20,P06,Power Bank 10000mAh,51,0
2024-04-21,P06,Power Bank 10000mAh,48,0
2024-04-22,P06,Power Bank 10000mAh,46,0
2024-04-23,P06,Power Bank 10000mAh,45,0
2024-04-24,P06,Power Bank 10000mAh,41,0
2024-04-25,P06,Power Bank 10000mAh,51,0
2024-04-26,P06,Power Bank 10000mAh,40,0
2024-04-27,P06,Power Bank 10000mAh,69,0
2024-04-28,P06,Power Bank 10000mAh,54,0
2024-04-29,P06,Power Bank 10000mAh,60,0
2024-04-30,P06,Power Bank 10000mAh,29,0
2024-05-01,P06,Power Bank 10000mAh,34,0
2024-05-02,P06,Power Bank 10000mAh,43,0
2024-05-03,P06,Power Bank 10000mAh,47,0
2024-05-04,P06,Power Bank 10000mAh,73,0
2024-05-05,P06,Power Bank 10000mAh,44,0
2024-05-06,P06,Power Bank 10000mAh,44,0
2024-05-07,P06,Power Bank 10000mAh,46,0
2024-05-08,P06,Power Bank 10000mAh,44,0
2024-05-09,P06,Power Bank 10000mAh,33,0
2024-05-10,P06,Power Bank 10000mAh,55,0
2024-05-11,P06,Power Bank 10000mAh,66,0
2024-05-12,P06,Power Bank 10000mAh,56,0
2024-05-13,P06,Power Bank 10000mAh,40,0
2024-05-14,P06,Power Bank 10000mAh,40,0
2024-05-15,P06,Power Bank 10000mAh,39,0
2024-05-16,P06,Power Bank 10000mAh,45,0
2024-05-17,P06,Power Bank 10000mAh,45,0
2024-05-18,P06,Power Bank 10000mAh,47,0
2024-05-19,P06,Power Bank 10000mAh,41,0
2024-05-20,P06,Power Bank 10000mAh,34,0
2024-05-21,P06,Power Bank 10000mAh,40,0
2024-05-22,P06,Power Bank 10000mAh,68,1
2024-05-23,P06,Power Bank 10000mAh,59,1
2024-05-24,P06,Power Bank 10000mAh,57,1
2024-05-25,P06,Power Bank 10000mAh,80,1
2024-05-26,P06,Power Bank 10000mAh,34,0
2024-05-27,P06,Power Bank 10000mAh,34,0
2024-05-28,P06,Power Bank 10000mAh,46,0
2024-05-29,P06,Power Bank 10000mAh,27,0
2024-05-30,P06,Power Bank 10000mAh,50,0
2024-05-31,P06,Power Bank 10000mAh,58,0
2024-06-01,P06,Power Bank 10000mAh,52,0
2024-06-02,P06,Power Bank 10000mAh,54,0
2024-06-03,P06,Power Bank 10000mAh,47,0
2024-06-04,P06,Power Bank 10000mAh,36,0
2024-06-05,P06,Power Bank 10000mAh,47,0
2024-06-06,P06,Power Bank 10000mAh,37,0
2024-06-07,P06,Power Bank 10000mAh,42,0
2024-06-08,P06,Power Bank 10000mAh,48,0
2024-06-09,P06,Power Bank 10000mAh,55,0
2024-06-10,P06,Power Bank 10000mAh,48,0
2024-06-11,P06,Power Bank 10000mAh,38,0
2024-06-12,P06,Power Bank 10000mAh,31,0
2024-06-13,P06,Power Bank 10000mAh,34,0
2024-06-14,P06,Power Bank 10000mAh,49,0
2024-06-15,P06,Power Bank 10000mAh,75,0
2024-06-16,P06,Power Bank 10000mAh,56,0
2024-06-17,P06,Power Bank 10000mAh,37,0
2024-06-18,P06,Power Bank 10000mAh,45,0
2024-06-19,P06,Power Bank 10000mAh,39,0
2024-06-20,P06,Power Bank 10000mAh,39,0
2024-06-21,P06,Power Bank 10000mAh,38,0
2024-06-22,P06,Power Bank 10000mAh,71,0
2024-06-23,P06,Power Bank 10000mAh,28,0
2024-06-24,P06,Power Bank 10000mAh,46,0
2024-06-25,P06,Power Bank 10000mAh,37,0
2024-06-26,P06,Power Bank 10000mAh,38,0
2024-06-27,P06,Power Bank 10000mAh,55,0
2024-06-28,P06,Power Bank 10000mAh,40,0
2024-06-29,P06,Power Bank 10000mAh,50,0
2024-06-30,P06,Power Bank 10000mAh,90,1
2024-07-01,P06,Power Bank 10000mAh,45,1
2024-07-02,P06,Power Bank 10000mAh,72,1
2024-07-03,P06,Power Bank 10000mAh,41,0
2024-07-04,P06,Power Bank 10000mAh,45,0
2024-07-05,P06,Power Bank 10000mAh,44,0
2024-07-06,P06,Power Bank 10000mAh,50,0
2024-07-07,P06,Power Bank 10000mAh,68,0
2024-07-08,P06,Power Bank 10000mAh,38,0
2024-07-09,P06,Power Bank 10000mAh,37,0
2024-07-10,P06,Power Bank 10000mAh,49,0
2024-07-11,P06,Power Bank 10000mAh,36,0
2024-07-12,P06,Power Bank 10000mAh,41,0
2024-07-13,P06,Power Bank 10000mAh,57,0
2024-07-14,P06,Power Bank 10000mAh,52,0
2024-07-15,P06,Power Bank 10000mAh,42,0
2024-07-16,P06,Power Bank 10000mAh,55,0
2024-07-17,P06,Power Bank 10000mAh,43,0
2024-07-18,P06,Power Bank 10000mAh,24,0
2024-07-19,P06,Power Bank 10000mAh,49,0
2024-07-20,P06,Power Bank 10000mAh,57,0
2024-07-21,P06,Power Bank 10000mAh,53,0
2024-07-22,P06,Power Bank 10000mAh,41,0
2024-07-23,P06,Power Bank 10000mAh,39,0
2024-07-24,P06,Power Bank 10000mAh,40,0
2024-07-25,P06,Power Bank 10000mAh,46,0
2024-07-26,P06,Power Bank 10000mAh,41,0
2024-07-27,P06,Power Bank 10000mAh,47,0
2024-07-28,P06,Power Bank 10000mAh,80,0
2024-07-29,P06,Power Bank 10000mAh,34,0
2024-07-30,P06,Power Bank 10000mAh,42,1
2024-07-31,P06,Power Bank 10000mAh,45,1
2024-08-01,P06,Power Bank 10000mAh,64,1
2024-08-02,P06,Power Bank 10000mAh,83,1
2024-08-03,P06,Power Bank 10000mAh,107,1
2024-08-04,P06,Power Bank 10000mAh,40,0
2024-08-05,P06,Power Bank 10000mAh,50,0
2024-08-06,P06,Power Bank 10000mAh,46,0
2024-08-07,P06,Power Bank 10000mAh,44,0
2024-08-08,P06,Power Bank 10000mAh,35,0
2024-08-09,P06,Power Bank 10000mAh,46,0
2024-08-10,P06,Power Bank 10000mAh,51,0
2024-08-11,P06,Power Bank 10000mAh,51,0
2024-08-12,P06,Power Bank 10000mAh,37,0
2024-08-13,P06,Power Bank 10000mAh,25,0
2024-08-14,P06,Power Bank 10000mAh,48,0
2024-08-15,P06,Power Bank 10000mAh,40,0
2024-08-16,P06,Power Bank 10000mAh,41,0
2024-08-17,P06,Power Bank 10000mAh,49,0
2024-08-18,P06,Power Bank 10000mAh,54,0
2024-08-19,P06,Power Bank 10000mAh,32,0
2024-08-20,P06,Power Bank 10000mAh,23,0
2024-08-21,P06,Power Bank 10000mAh,42,0
2024-08-22,P06,Power Bank 10000mAh,44,0
2024-08-23,P06,Power Bank 10000mAh,43,0
2024-08-24,P06,Power Bank 10000mAh,43,0
2024-08-25,P06,Power Bank 10000mAh,51,0
2024-08-26,P06,Power Bank 10000mAh,28,0
2024-08-27,P06,Power Bank 10000mAh,31,0
2024-08-28,P06,Power Bank 10000mAh,34,0
2024-08-29,P06,Power Bank 10000mAh,46,0
2024-08-30,P06,Power Bank 10000mAh,41,0
2024-08-31,P06,Power Bank 10000mAh,49,0
2024-09-01,P06,Power Bank 10000mAh,67,0
2024-09-02,P06,Power Bank 10000mAh,40,0
2024-09-03,P06,Power Bank 10000mAh,40,0
2024-09-04,P06,Power Bank 10000mAh,36,0
2024-09-05,P06,Power Bank 10000mAh,35,0
2024-09-06,P06,Power Bank 10000mAh,87,1
2024-09-07,P06,Power Bank 10000mAh,86,1
2024-09-08,P06,Power Bank 10000mAh,87,1
2024-09-09,P06,Power Bank 10000mAh,50,1
2024-09-10,P06,Power Bank 10000mAh,30,0
2024-09-11,P06,Power Bank 10000mAh,50,0
2024-09-12,P06,Power Bank 10000mAh,45,0
2024-09-13,P06,Power Bank 10000mAh,26,0
2024-09-14,P06,Power Bank 10000mAh,38,0
2024-09-15,P06,Power Bank 10000mAh,47,0
2024-09-16,P06,Power Bank 10000mAh,34,0
2024-09-17,P06,Power Bank 10000mAh,28,0
2024-09-18,P06,Power Bank 10000mAh,51,0
2024-09-19,P06,Power Bank 10000mAh,41,0
2024-09-20,P06,Power Bank 10000mAh,46,0
2024-09-21,P06,Power Bank 10000mAh,45,0
2024-09-22,P06,Power Bank 10000mAh,54,0
2024-09-23,P06,Power Bank 10000mAh,34,0
2024-09-24,P06,Power Bank 10000mAh,35,0
2024-09-25,P06,Power Bank 10000mAh,41,0
2024-09-26,P06,Power Bank 10000mAh,27,0
2024-09-27,P06,Power Bank 10000mAh,54,0
2024-09-28,P06,Power Bank 10000mAh,53,0
2024-09-29,P06,Power Bank 10000mAh,58,0
2024-09-30,P06,Power Bank 10000mAh,29,0
2024-10-01,P06,Power Bank 10000mAh,43,0
2024-10-02,P06,Power Bank 10000mAh,42,0
2024-10-03,P06,Power Bank 10000mAh,57,0
2024-10-04,P06,Power Bank 10000mAh,61,0
2024-10-05,P06,Power Bank 10000mAh,67,0
2024-10-06,P06,Power Bank 10000mAh,56,0
2024-10-07,P06,Power Bank 10000mAh,40,0
2024-10-08,P06,Power Bank 10000mAh,51,0
2024-10-09,P06,Power Bank 10000mAh,48,0
2024-10-10,P06,Power Bank 10000mAh,47,0
2024-10-11,P06,Power Bank 10000mAh,76,0
2024-10-12,P06,Power Bank 10000mAh,72,0
2024-10-13,P06,Power Bank 10000mAh,83,0
2024-10-14,P06,Power Bank 10000mAh,46,0
2024-10-15,P06,Power Bank 10000mAh,53,0
2024-10-16,P06,Power Bank 10000mAh,51,0
2024-10-17,P06,Power Bank 10000mAh,37,0
2024-10-18,P06,Power Bank 10000mAh,74,0
2024-10-19,P06,Power Bank 10000mAh,70,0
2024-10-20,P06,Power Bank 10000mAh,75,0
2024-10-21,P06,Power Bank 10000mAh,44,0
2024-10-22,P06,Power Bank 10000mAh,49,0
2024-10-23,P06,Power Bank 10000mAh,43,0
2024-10-24,P06,Power Bank 10000mAh,65,0
2024-10-25,P06,Power Bank 10000mAh,61,0
2024-10-26,P06,Power Bank 10000mAh,76,0
2024-10-27,P06,Power Bank 10000mAh,82,0
2024-10-28,P06,Power Bank 10000mAh,60,0
2024-10-29,P06,Power Bank 10000mAh,57,0
2024-10-30,P06,Power Bank 10000mAh,38,0
2024-10-31,P06,Power Bank 10000mAh,46,0
2024-11-01,P06,Power Bank 10000mAh,47,0
2024-11-02,P06,Power Bank 10000mAh,80,0
2024-11-03,P06,Power Bank 10000mAh,67,0
2024-11-04,P06,Power Bank 10000mAh,37,0
2024-11-05,P06,Power Bank 10000mAh,48,0
2024-11-06,P06,Power Bank 10000mAh,37,0
2024-11-07,P06,Power Bank 10000mAh,51,0
2024-11-08,P06,Power Bank 10000mAh,40,0
2024-11-09,P06,Power Bank 10000mAh,77,0
2024-11-10,P06,Power Bank 10000mAh,69,0
2024-11-11,P06,Power Bank 10000mAh,66,0
2024-11-12,P06,Power Bank 10000mAh,57,0
2024-11-13,P06,Power Bank 10000mAh,46,0
2024-11-14,P06,Power Bank 10000mAh,59,0
2024-11-15,P06,Power Bank 10000mAh,42,0
2024-11-16,P06,Power Bank 10000mAh,57,0
2024-11-17,P06,Power Bank 10000mAh,68,0
2024-11-18,P06,Power Bank 10000mAh,30,0
2024-11-19,P06,Power Bank 10000mAh,48,0
2024-11-20,P06,Power Bank 10000mAh,41,0
2024-11-21,P06,Power Bank 10000mAh,58,1
2024-11-22,P06,Power Bank 10000mAh,89,1
2024-11-23,P06,Power Bank 10000mAh,109,1
2024-11-24,P06,Power Bank 10000mAh,98,1
2024-11-25,P06,Power Bank 10000mAh,37,0
2024-11-26,P06,Power Bank 10000mAh,52,0
2024-11-27,P06,Power Bank 10000mAh,55,0
2024-11-28,P06,Power Bank 10000mAh,74,0
2024-11-29,P06,Power Bank 10000mAh,50,0
2024-11-30,P06,Power Bank 10000mAh,66,0
2024-12-01,P06,Power Bank 10000mAh,51,0
2024-12-02,P06,Power Bank 10000mAh,45,0
2024-12-03,P06,Power Bank 10000mAh,46,0
2024-12-04,P06,Power Bank 10000mAh,44,0
2024-12-05,P06,Power Bank 10000mAh,55,0
2024-12-06,P06,Power Bank 10000mAh,45,0
2024-12-07,P06,Power Bank 10000mAh,73,0
2024-12-08,P06,Power Bank 10000mAh,63,0
2024-12-09,P06,Power Bank 10000mAh,43,0
2024-12-10,P06,Power Bank 10000mAh,41,0
2024-12-11,P06,Power Bank 10000mAh,64,0
2024-12-12,P06,Power Bank 10000mAh,39,0
2024-12-13,P06,Power Bank 10000mAh,53,0
2024-12-14,P06,Power Bank 10000mAh,53,0
2024-12-15,P06,Power Bank 10000mAh,75,0
2024-12-16,P06,Power Bank 10000mAh,50,0
2024-12-17,P06,Power Bank 10000mAh,38,0
2024-12-18,P06,Power Bank 10000mAh,48,0
2024-12-19,P06,Power Bank 10000mAh,48,0
2024-12-20,P06,Power Bank 10000mAh,46,0
2024-12-21,P06,Power Bank 10000mAh,70,0
2024-12-22,P06,Power Bank 10000mAh,61,0
2024-12-23,P06,Power Bank 10000mAh,45,0
2024-12-24,P06,Power Bank 10000mAh,43,0
2024-12-25,P06,Power Bank 10000mAh,48,0
2024-12-26,P06,Power Bank 10000mAh,37,0
2024-12-27,P06,Power Bank 10000mAh,39,0
2024-12-28,P06,Power Bank 10000mAh,42,0
2024-12-29,P06,Power Bank 10000mAh,58,0
2024-12-30,P06,Power Bank 10000mAh,27,0
2024-12-31,P06,Power Bank 10000mAh,36,0
2025-01-01,P06,Power Bank 10000mAh,37,0
2025-01-02,P06,Power Bank 10000mAh,54,0
2025-01-03,P06,Power Bank 10000mAh,38,0
2025-01-04,P06,Power Bank 10000mAh,48,0
2025-01-05,P06,Power Bank 10000mAh,42,0
2025-01-06,P06,Power Bank 10000mAh,36,0
2025-01-07,P06,Power Bank 10000mAh,25,0
2025-01-08,P06,Power Bank 10000mAh,32,0
2025-01-09,P06,Power Bank 10000mAh,22,0
2025-01-10,P06,Power Bank 10000mAh,41,0
2025-01-11,P06,Power Bank 10000mAh,44,0
2025-01-12,P06,Power Bank 10000mAh,33,0
2025-01-13,P06,Power Bank 10000mAh,41,0
2025-01-14,P06,Power Bank 10000mAh,26,0
2025-01-15,P06,Power Bank 10000mAh,40,0
2025-01-16,P06,Power Bank 10000mAh,31,0
2025-01-17,P06,Power Bank 10000mAh,51,0
2025-01-18,P06,Power Bank 10000mAh,55,0
2025-01-19,P06,Power Bank 10000mAh,37,0
2025-01-20,P06,Power Bank 10000mAh,29,0
2025-01-21,P06,Power Bank 10000mAh,38,0
2025-01-22,P06,Power Bank 10000mAh,34,0
2025-01-23,P06,Power Bank 10000mAh,35,0
2025-01-24,P06,Power Bank 10000mAh,49,0
2025-01-25,P06,Power Bank 10000mAh,43,0
2025-01-26,P06,Power Bank 10000mAh,46,0
2025-01-27,P06,Power Bank 10000mAh,41,0
2025-01-28,P06,Power Bank 10000mAh,40,0
2025-01-29,P06,Power Bank 10000mAh,35,0
2025-01-30,P06,Power Bank 10000mAh,35,0
2025-01-31,P06,Power Bank 10000mAh,28,0
2025-02-01,P06,Power Bank 10000mAh,40,0
2025-02-02,P06,Power Bank 10000mAh,49,0
2025-02-03,P06,Power Bank 10000mAh,34,0
2025-02-04,P06,Power Bank 10000mAh,59,1
2025-02-05,P06,Power Bank 10000mAh,50,1
2025-02-06,P06,Power Bank 10000mAh,51,1
2025-02-07,P06,Power Bank 10000mAh,69,1
2025-02-08,P06,Power Bank 10000mAh,92,1
2025-02-09,P06,Power Bank 10000mAh,65,1
2025-02-10,P06,Power Bank 10000mAh,45,1
2025-02-11,P06,Power Bank 10000mAh,38,0
2025-02-12,P06,Power Bank 10000mAh,29,0
2025-02-13,P06,Power Bank 10000mAh,43,0
2025-02-14,P06,Power Bank 10000mAh,50,0
2025-02-15,P06,Power Bank 10000mAh,54,0
2025-02-16,P06,Power Bank 10000mAh,32,0
2025-02-17,P06,Power Bank 10000mAh,30,0
2025-02-18,P06,Power Bank 10000mAh,40,0
2025-02-19,P06,Power Bank 10000mAh,37,0
2025-02-20,P06,Power Bank 10000mAh,20,0
2025-02-21,P06,Power Bank 10000mAh,52,0
2025-02-22,P06,Power Bank 10000mAh,53,0
2025-02-23,P06,Power Bank 10000mAh,41,0
2025-02-24,P06,Power Bank 10000mAh,43,0
2025-02-25,P06,Power Bank 10000mAh,32,0
2025-02-26,P06,Power Bank 10000mAh,33,0
2025-02-27,P06,Power Bank 10000mAh,42,0
2025-02-28,P06,Power Bank 10000mAh,57,0
2025-03-01,P06,Power Bank 10000mAh,69,0
2025-03-02,P06,Power Bank 10000mAh,52,0
2025-03-03,P06,Power Bank 10000mAh,41,0
2025-03-04,P06,Power Bank 10000mAh,43,0
2025-03-05,P06,Power Bank 10000mAh,30,0
2025-03-06,P06,Power Bank 10000mAh,44,0
2025-03-07,P06,Power Bank 10000mAh,38,0
2025-03-08,P06,Power Bank 10000mAh,57,0
2025-03-09,P06,Power Bank 10000mAh,48,0
2025-03-10,P06,Power Bank 10000mAh,42,0
2025-03-11,P06,Power Bank 10000mAh,39,0
2025-03-12,P06,Power Bank 10000mAh,17,0
2025-03-13,P06,Power Bank 10000mAh,42,0
2025-03-14,P06,Power Bank 10000mAh,50,0
2025-03-15,P06,Power Bank 10000mAh,59,0
2025-03-16,P06,Power Bank 10000mAh,50,0
2025-03-17,P06,Power Bank 10000mAh,50,0
2025-03-18,P06,Power Bank 10000mAh,50,1
2025-03-19,P06,Power Bank 10000mAh,61,1
2025-03-20,P06,Power Bank 10000mAh,72,1
2025-03-21,P06,Power Bank 10000mAh,38,0
2025-03-22,P06,Power Bank 10000mAh,31,0
2025-03-23,P06,Power Bank 10000mAh,47,0
2025-03-24,P06,Power Bank 10000mAh,45,0
2025-03-25,P06,Power Bank 10000mAh,37,0
2025-03-26,P06,Power Bank 10000mAh,46,0
2025-03-27,P06,Power Bank 10000mAh,43,0
2025-03-28,P06,Power Bank 10000mAh,65,1
2025-03-29,P06,Power Bank 10000mAh,100,1
2025-03-30,P06,Power Bank 10000mAh,67,0
2025-03-31,P06,Power Bank 10000mAh,28,0
2025-04-01,P06,Power Bank 10000mAh,37,0
2025-04-02,P06,Power Bank 10000mAh,47,0
2025-04-03,P06,Power Bank 10000mAh,54,0
2025-04-04,P06,Power Bank 10000mAh,49,0
2025-04-05,P06,Power Bank 10000mAh,55,0
2025-04-06,P06,Power Bank 10000mAh,61,0
2025-04-07,P06,Power Bank 10000mAh,47,0
2025-04-08,P06,Power Bank 10000mAh,38,0
2025-04-09,P06,Power Bank 10000mAh,44,0
2025-04-10,P06,Power Bank 10000mAh,52,0
2025-04-11,P06,Power Bank 10000mAh,64,0
2025-04-12,P06,Power Bank 10000mAh,66,0
2025-04-13,P06,Power Bank 10000mAh,55,0
2025-04-14,P06,Power Bank 10000mAh,41,0
2025-04-15,P06,Power Bank 10000mAh,46,0
2025-04-16,P06,Power Bank 10000mAh,42,0
2025-04-17,P06,Power Bank 10000mAh,45,0
2025-04-18,P06,Power Bank 10000mAh,39,0
2025-04-19,P06,Power Bank 10000mAh,73,0
2025-04-20,P06,Power Bank 10000mAh,44,0
2025-04-21,P06,Power Bank 10000mAh,39,0
2025-04-22,P06,Power Bank 10000mAh,43,0
2025-04-23,P06,Power Bank 10000mAh,58,0
2025-04-24,P06,Power Bank 10000mAh,41,0
2025-04-25,P06,Power Bank 10000mAh,43,0
2025-04-26,P06,Power Bank 10000mAh,54,0
2025-04-27,P06,Power Bank 10000mAh,73,0
2025-04-28,P06,Power Bank 10000mAh,21,0
2025-04-29,P06,Power Bank 10000mAh,35,0
2025-04-30,P06,Power Bank 10000mAh,65,0
2025-05-01,P06,Power Bank 10000mAh,50,0
2025-05-02,P06,Power Bank 10000mAh,40,0
2025-05-03,P06,Power Bank 10000mAh,61,0
2025-05-04,P06,Power Bank 10000mAh,57,0
2025-05-05,P06,Power Bank 10000mAh,50,0
2025-05-06,P06,Power Bank 10000mAh,57,0
2025-05-07,P06,Power Bank 10000mAh,47,0
2025-05-08,P06,Power Bank 10000mAh,41,0
2025-05-09,P06,Power Bank 10000mAh,57,0
2025-05-10,P06,Power Bank 10000mAh,54,0
2025-05-11,P06,Power Bank 10000mAh,47,0
2025-05-12,P06,Power Bank 10000mAh,30,0
2025-05-13,P06,Power Bank 10000mAh,31,0
2025-05-14,P06,Power Bank 10000mAh,37,0
2025-05-15,P06,Power Bank 10000mAh,36,0
2025-05-16,P06,Power Bank 10000mAh,54,0
2025-05-17,P06,Power Bank 10000mAh,49,0
2025-05-18,P06,Power Bank 10000mAh,70,1
2025-05-19,P06,Power Bank 10000mAh,60,1
2025-05-20,P06,Power Bank 10000mAh,56,0
2025-05-21,P06,Power Bank 10000mAh,40,0
2025-05-22,P06,Power Bank 10000mAh,54,0
2025-05-23,P06,Power Bank 10000mAh,51,0
2025-05-24,P06,Power Bank 10000mAh,62,0
2025-05-25,P06,Power Bank 10000mAh,50,0
2025-05-26,P06,Power Bank 10000mAh,44,0
2025-05-27,P06,Power Bank 10000mAh,68,1
2025-05-28,P06,Power Bank 10000mAh,59,1
2025-05-29,P06,Power Bank 10000mAh,55,0
2025-05-30,P06,Power Bank 10000mAh,56,0
2025-05-31,P06,Power Bank 10000mAh,58,0
2025-06-01,P06,Power Bank 10000mAh,60,0
2025-06-02,P06,Power Bank 10000mAh,44,0
2025-06-03,P06,Power Bank 10000mAh,38,0
2025-06-04,P06,Power Bank 10000mAh,46,0
2025-06-05,P06,Power Bank 10000mAh,42,0
2025-06-06,P06,Power Bank 10000mAh,43,0
2025-06-07,P06,Power Bank 10000mAh,45,0
2025-06-08,P06,Power Bank 10000mAh,55,0
2025-06-09,P06,Power Bank 10000mAh,50,0
2025-06-10,P06,Power Bank 10000mAh,39,0
2025-06-11,P06,Power Bank 10000mAh,67,0
2025-06-12,P06,Power Bank 10000mAh,55,0
2025-06-13,P06,Power Bank 10000mAh,64,0
2025-06-14,P06,Power Bank 10000mAh,73,0
2025-06-15,P06,Power Bank 10000mAh,79,0
2025-06-16,P06,Power Bank 10000mAh,39,0
2025-06-17,P06,Power Bank 10000mAh,24,0
2025-06-18,P06,Power Bank 10000mAh,42,0
2025-06-19,P06,Power Bank 10000mAh,52,0
2025-06-20,P06,Power Bank 10000mAh,54,0
2025-06-21,P06,Power Bank 10000mAh,67,0
2025-06-22,P06,Power Bank 10000mAh,74,0
2025-06-23,P06,Power Bank 10000mAh,48,0
2025-06-24,P06,Power Bank 10000mAh,52,0
2025-06-25,P06,Power Bank 10000mAh,38,0
2025-06-26,P06,Power Bank 10000mAh,38,0
2025-06-27,P06,Power Bank 10000mAh,68,0
2025-06-28,P06,Power Bank 10000mAh,66,0
2025-06-29,P06,Power Bank 10000mAh,53,0
2025-06-30,P06,Power Bank 10000mAh,40,0
2025-07-01,P06,Power Bank 10000mAh,40,0
2025-07-02,P06,Power Bank 10000mAh,40,0
2025-07-03,P06,Power Bank 10000mAh,37,0
2025-07-04,P06,Power Bank 10000mAh,38,0
2025-07-05,P06,Power Bank 10000mAh,62,0
2025-07-06,P06,Power Bank 10000mAh,53,0
2025-07-07,P06,Power Bank 10000mAh,54,0
2025-07-08,P06,Power Bank 10000mAh,48,0
2025-07-09,P06,Power Bank 10000mAh,48,0
2025-07-10,P06,Power Bank 10000mAh,41,0
2025-07-11,P06,Power Bank 10000mAh,51,0
2025-07-12,P06,Power Bank 10000mAh,68,0
2025-07-13,P06,Power Bank 10000mAh,67,0
2025-07-14,P06,Power Bank 10000mAh,44,0
2025-07-15,P06,Power Bank 10000mAh,54,0
2025-07-16,P06,Power Bank 10000mAh,46,0
2025-07-17,P06,Power Bank 10000mAh,54,0
2025-07-18,P06,Power Bank 10000mAh,48,0
2025-07-19,P06,Power Bank 10000mAh,43,0
2025-07-20,P06,Power Bank 10000mAh,62,0
2025-07-21,P06,Power Bank 10000mAh,78,1
2025-07-22,P06,Power Bank 10000mAh,62,1
2025-07-23,P06,Power Bank 10000mAh,39,0
2025-07-24,P06,Power Bank 10000mAh,52,0
2025-07-25,P06,Power Bank 10000mAh,56,0
2025-07-26,P06,Power Bank 10000mAh,57,0
2025-07-27,P06,Power Bank 10000mAh,71,0
2025-07-28,P06,Power Bank 10000mAh,38,0
2025-07-29,P06,Power Bank 10000mAh,40,0
2025-07-30,P06,Power Bank 10000mAh,59,0
2025-07-31,P06,Power Bank 10000mAh,54,0
2025-08-01,P06,Power Bank 10000mAh,48,0
2025-08-02,P06,Power Bank 10000mAh,67,0
2025-08-03,P06,Power Bank 10000mAh,60,0
2025-08-04,P06,Power Bank 10000mAh,23,0
2025-08-05,P06,Power Bank 10000mAh,37,0
2025-08-06,P06,Power Bank 10000mAh,45,0
2025-08-07,P06,Power Bank 10000mAh,44,0
2025-08-08,P06,Power Bank 10000mAh,54,0
2025-08-09,P06,Power Bank 10000mAh,76,0
2025-08-10,P06,Power Bank 10000mAh,55,0
2025-08-11,P06,Power Bank 10000mAh,36,0
2025-08-12,P06,Power Bank 10000mAh,47,0
2025-08-13,P06,Power Bank 10000mAh,42,0
2025-08-14,P06,Power Bank 10000mAh,45,0
2025-08-15,P06,Power Bank 10000mAh,48,0
2025-08-16,P06,Power Bank 10000mAh,88,0
2025-08-17,P06,Power Bank 10000mAh,34,0
2025-08-18,P06,Power Bank 10000mAh,41,0
2025-08-19,P06,Power Bank 10000mAh,44,0
2025-08-20,P06,Power Bank 10000mAh,38,0
2025-08-21,P06,Power Bank 10000mAh,53,0
2025-08-22,P06,Power Bank 10000mAh,58,0
2025-08-23,P06,Power Bank 10000mAh,61,0
2025-08-24,P06,Power Bank 10000mAh,54,0
2025-08-25,P06,Power Bank 10000mAh,42,0
2025-08-26,P06,Power Bank 10000mAh,42,0
2025-08-27,P06,Power Bank 10000mAh,44,0
2025-08-28,P06,Power Bank 10000mAh,44,0
2025-08-29,P06,Power Bank 10000mAh,52,0
2025-08-30,P06,Power Bank 10000mAh,69,0
2025-08-31,P06,Power Bank 10000mAh,44,0
2025-09-01,P06,Power Bank 10000mAh,35,0
2025-09-02,P06,Power Bank 10000mAh,29,0
2025-09-03,P06,Power Bank 10000mAh,50,0
2025-09-04,P06,Power Bank 10000mAh,47,0
2025-09-05,P06,Power Bank 10000mAh,54,0
2025-09-06,P06,Power Bank 10000mAh,45,0
2025-09-07,P06,Power Bank 10000mAh,74,0
2025-09-08,P06,Power Bank 10000mAh,38,0
2025-09-09,P06,Power Bank 10000mAh,44,0
2025-09-10,P06,Power Bank 10000mAh,50,0
2025-09-11,P06,Power Bank 10000mAh,37,0
2025-09-12,P06,Power Bank 10000mAh,44,0
2025-09-13,P06,Power Bank 10000mAh,62,0
2025-09-14,P06,Power Bank 10000mAh,84,0
2025-09-15,P06,Power Bank 10000mAh,44,0
2025-09-16,P06,Power Bank 10000mAh,54,0
2025-09-17,P06,Power Bank 10000mAh,52,0
2025-09-18,P06,Power Bank 10000mAh,47,0
2025-09-19,P06,Power Bank 10000mAh,94,1
2025-09-20,P06,Power Bank 10000mAh,102,1
2025-09-21,P06,Power Bank 10000mAh,42,1
2025-09-22,P06,Power Bank 10000mAh,65,1
2025-09-23,P06,Power Bank 10000mAh,40,0
2025-09-24,P06,Power Bank 10000mAh,48,0
2025-09-25,P06,Power Bank 10000mAh,37,0
2025-09-26,P06,Power Bank 10000mAh,36,0
2025-09-27,P06,Power Bank 10000mAh,58,0
2025-09-28,P06,Power Bank 10000mAh,54,0
2025-09-29,P06,Power Bank 10000mAh,38,0
2025-09-30,P06,Power Bank 10000mAh,50,0
2025-10-01,P06,Power Bank 10000mAh,51,0
2025-10-02,P06,Power Bank 10000mAh,66,0
2025-10-03,P06,Power Bank 10000mAh,69,0
2025-10-04,P06,Power Bank 10000mAh,60,0
2025-10-05,P06,Power Bank 10000mAh,59,0
2025-10-06,P06,Power Bank 10000mAh,59,0
2025-10-07,P06,Power Bank 10000mAh,79,0
2025-10-08,P06,Power Bank 10000mAh,66,0
2025-10-09,P06,Power Bank 10000mAh,42,0
2025-10-10,P06,Power Bank 10000mAh,30,0
2025-10-11,P06,Power Bank 10000mAh,93,0
2025-10-12,P06,Power Bank 10000mAh,75,0
2025-10-13,P06,Power Bank 10000mAh,70,0
2025-10-14,P06,Power Bank 10000mAh,49,0
2025-10-15,P06,Power Bank 10000mAh,63,0
2025-10-16,P06,Power Bank 10000mAh,70,0
2025-10-17,P06,Power Bank 10000mAh,61,0
2025-10-18,P06,Power Bank 10000mAh,75,0
2025-10-19,P06,Power Bank 10000mAh,76,0
2025-10-20,P06,Power Bank 10000mAh,63,0
2025-10-21,P06,Power Bank 10000mAh,57,0
2025-10-22,P06,Power Bank 10000mAh,68,0
2025-10-23,P06,Power Bank 10000mAh,55,0
2025-10-24,P06,Power Bank 10000mAh,50,0
2025-10-25,P06,Power Bank 10000mAh,109,0
2025-10-26,P06,Power Bank 10000mAh,67,0
2025-10-27,P06,Power Bank 10000mAh,51,0
2025-10-28,P06,Power Bank 10000mAh,56,0
2025-10-29,P06,Power Bank 10000mAh,58,0
2025-10-30,P06,Power Bank 10000mAh,55,0
2025-10-31,P06,Power Bank 10000mAh,65,0
2025-11-01,P06,Power Bank 10000mAh,79,0
2025-11-02,P06,Power Bank 10000mAh,76,0
2025-11-03,P06,Power Bank 10000mAh,32,0
2025-11-04,P06,Power Bank 10000mAh,75,0
2025-11-05,P06,Power Bank 10000mAh,56,0
2025-11-06,P06,Power Bank 10000mAh,65,0
2025-11-07,P06,Power Bank 10000mAh,49,0
2025-11-08,P06,Power Bank 10000mAh,92,1
2025-11-09,P06,Power Bank 10000mAh,111,1
2025-11-10,P06,Power Bank 10000mAh,80,1
2025-11-11,P06,Power Bank 10000mAh,86,1
2025-11-12,P06,Power Bank 10000mAh,70,0
2025-11-13,P06,Power Bank 10000mAh,38,0
2025-11-14,P06,Power Bank 10000mAh,66,1
2025-11-15,P06,Power Bank 10000mAh,114,1
2025-11-16,P06,Power Bank 10000mAh,88,1
2025-11-17,P06,Power Bank 10000mAh,63,1
2025-11-18,P06,Power Bank 10000mAh,67,0
2025-11-19,P06,Power Bank 10000mAh,60,0
2025-11-20,P06,Power Bank 10000mAh,60,0
2025-11-21,P06,Power Bank 10000mAh,52,0
2025-11-22,P06,Power Bank 10000mAh,57,0
2025-11-23,P06,Power Bank 10000mAh,57,0
2025-11-24,P06,Power Bank 10000mAh,54,0
2025-11-25,P06,Power Bank 10000mAh,63,0
2025-11-26,P06,Power Bank 10000mAh,65,0
2025-11-27,P06,Power Bank 10000mAh,64,0
2025-11-28,P06,Power Bank 10000mAh,55,0
2025-11-29,P06,Power Bank 10000mAh,78,0
2025-11-30,P06,Power Bank 10000mAh,68,0
2025-12-01,P06,Power Bank 10000mAh,47,0
2025-12-02,P06,Power Bank 10000mAh,67,0
2025-12-03,P06,Power Bank 10000mAh,34,0
2025-12-04,P06,Power Bank 10000mAh,49,0
2025-12-05,P06,Power Bank 10000mAh,69,0
2025-12-06,P06,Power Bank 10000mAh,51,0
2025-12-07,P06,Power Bank 10000mAh,57,0
2025-12-08,P06,Power Bank 10000mAh,44,0
2025-12-09,P06,Power Bank 10000mAh,47,0
2025-12-10,P06,Power Bank 10000mAh,36,0
2025-12-11,P06,Power Bank 10000mAh,57,0
2025-12-12,P06,Power Bank 10000mAh,84,1
2025-12-13,P06,Power Bank 10000mAh,101,1
2025-12-14,P06,Power Bank 10000mAh,83,1
2025-12-15,P06,Power Bank 10000mAh,67,1
2025-12-16,P06,Power Bank 10000mAh,83,1
2025-12-17,P06,Power Bank 10000mAh,38,0
2025-12-18,P06,Power Bank 10000mAh,40,0
2025-12-19,P06,Power Bank 10000mAh,46,0
2025-12-20,P06,Power Bank 10000mAh,64,0
2025-12-21,P06,Power Bank 10000mAh,75,0
2025-12-22,P06,Power Bank 10000mAh,54,0
2025-12-23,P06,Power Bank 10000mAh,54,0
2025-12-24,P06,Power Bank 10000mAh,40,0
2025-12-25,P06,Power Bank 10000mAh,47,0
2025-12-26,P06,Power Bank 10000mAh,46,0
2025-12-27,P06,Power Bank 10000mAh,48,0
2025-12-28,P06,Power Bank 10000mAh,47,0
2025-12-29,P06,Power Bank 10000mAh,41,0
2025-12-30,P06,Power Bank 10000mAh,35,0
2024-01-01,P07,Mechanical Keyboard,15,0
2024-01-02,P07,Mechanical Keyboard,12,0
2024-01-03,P07,Mechanical Keyboard,7,0
2024-01-04,P07,Mechanical Keyboard,12,0
2024-01-05,P07,Mechanical Keyboard,14,0
2024-01-06,P07,Mechanical Keyboard,17,0
2024-01-07,P07,Mechanical Keyboard,12,0
2024-01-08,P07,Mechanical Keyboard,12,0
2024-01-09,P07,Mechanical Keyboard,11,0
2024-01-10,P07,Mechanical Keyboard,7,0
2024-01-11,P07,Mechanical Keyboard,7,0
2024-01-12,P07,Mechanical Keyboard,15,0
2024-01-13,P07,Mechanical Keyboard,18,0
2024-01-14,P07,Mechanical Keyboard,14,0
2024-01-15,P07,Mechanical Keyboard,14,0
2024-01-16,P07,Mechanical Keyboard,13,0
2024-01-17,P07,Mechanical Keyboard,12,0
2024-01-18,P07,Mechanical Keyboard,9,0
2024-01-19,P07,Mechanical Keyboard,16,0
2024-01-20,P07,Mechanical Keyboard,16,0
2024-01-21,P07,Mechanical Keyboard,12,0
2024-01-22,P07,Mechanical Keyboard,9,0
2024-01-23,P07,Mechanical Keyboard,11,0
2024-01-24,P07,Mechanical Keyboard,7,0
2024-01-25,P07,Mechanical Keyboard,13,0
2024-01-26,P07,Mechanical Keyboard,9,0
2024-01-27,P07,Mechanical Keyboard,16,0
2024-01-28,P07,Mechanical Keyboard,12,0
2024-01-29,P07,Mechanical Keyboard,10,0
2024-01-30,P07,Mechanical Keyboard,9,0
2024-01-31,P07,Mechanical Keyboard,10,0
2024-02-01,P07,Mechanical Keyboard,16,0
2024-02-02,P07,Mechanical Keyboard,16,0
2024-02-03,P07,Mechanical Keyboard,16,0
2024-02-04,P07,Mechanical Keyboard,14,0
2024-02-05,P07,Mechanical Keyboard,12,0
2024-02-06,P07,Mechanical Keyboard,13,0
2024-02-07,P07,Mechanical Keyboard,9,0
2024-02-08,P07,Mechanical Keyboard,11,0
2024-02-09,P07,Mechanical Keyboard,7,0
2024-02-10,P07,Mechanical Keyboard,19,0
2024-02-11,P07,Mechanical Keyboard,20,0
2024-02-12,P07,Mechanical Keyboard,11,0
2024-02-13,P07,Mechanical Keyboard,6,0
2024-02-14,P07,Mechanical Keyboard,12,0
2024-02-15,P07,Mechanical Keyboard,9,0
2024-02-16,P07,Mechanical Keyboard,22,1
2024-02-17,P07,Mechanical Keyboard,18,1
2024-02-18,P07,Mechanical Keyboard,21,1
2024-02-19,P07,Mechanical Keyboard,10,0
2024-02-20,P07,Mechanical Keyboard,8,0
2024-02-21,P07,Mechanical Keyboard,10,0
2024-02-22,P07,Mechanical Keyboard,12,0
2024-02-23,P07,Mechanical Keyboard,12,0
2024-02-24,P07,Mechanical Keyboard,11,0
2024-02-25,P07,Mechanical Keyboard,8,1
2024-02-26,P07,Mechanical Keyboard,14,1
2024-02-27,P07,Mechanical Keyboard,11,0
2024-02-28,P07,Mechanical Keyboard,13,0
2024-02-29,P07,Mechanical Keyboard,15,0
2024-03-01,P07,Mechanical Keyboard,11,0
2024-03-02,P07,Mechanical Keyboard,18,0
2024-03-03,P07,Mechanical Keyboard,15,0
2024-03-04,P07,Mechanical Keyboard,7,0
2024-03-05,P07,Mechanical Keyboard,16,0
2024-03-06,P07,Mechanical Keyboard,8,0
2024-03-07,P07,Mechanical Keyboard,13,0
2024-03-08,P07,Mechanical Keyboard,14,0
2024-03-09,P07,Mechanical Keyboard,17,0
2024-03-10,P07,Mechanical Keyboard,13,0
2024-03-11,P07,Mechanical Keyboard,13,0
2024-03-12,P07,Mechanical Keyboard,7,0
2024-03-13,P07,Mechanical Keyboard,11,0
2024-03-14,P07,Mechanical Keyboard,11,0
2024-03-15,P07,Mechanical Keyboard,11,0
2024-03-16,P07,Mechanical Keyboard,18,0
2024-03-17,P07,Mechanical Keyboard,19,0
2024-03-18,P07,Mechanical Keyboard,11,0
2024-03-19,P07,Mechanical Keyboard,14,0
2024-03-20,P07,Mechanical Keyboard,12,0
2024-03-21,P07,Mechanical Keyboard,10,0
2024-03-22,P07,Mechanical Keyboard,13,0
2024-03-23,P07,Mechanical Keyboard,15,0
2024-03-24,P07,Mechanical Keyboard,13,0
2024-03-25,P07,Mechanical Keyboard,13,0
2024-03-26,P07,Mechanical Keyboard,12,0
2024-03-27,P07,Mechanical Keyboard,8,0
2024-03-28,P07,Mechanical Keyboard,8,0
2024-03-29,P07,Mechanical Keyboard,15,0
2024-03-30,P07,Mechanical Keyboard,14,0
2024-03-31,P07,Mechanical Keyboard,17,0
2024-04-01,P07,Mechanical Keyboard,14,0
2024-04-02,P07,Mechanical Keyboard,9,0
2024-04-03,P07,Mechanical Keyboard,8,0
2024-04-04,P07,Mechanical Keyboard,17,0
2024-04-05,P07,Mechanical Keyboard,15,0
2024-04-06,P07,Mechanical Keyboard,16,0
2024-04-07,P07,Mechanical Keyboard,13,0
2024-04-08,P07,Mechanical Keyboard,11,0
2024-04-09,P07,Mechanical Keyboard,9,0
2024-04-10,P07,Mechanical Keyboard,15,0
2024-04-11,P07,Mechanical Keyboard,11,0
2024-04-12,P07,Mechanical Keyboard,17,0
2024-04-13,P07,Mechanical Keyboard,16,0
2024-04-14,P07,Mechanical Keyboard,12,0
2024-04-15,P07,Mechanical Keyboard,11,0
2024-04-16,P07,Mechanical Keyboard,5,0
2024-04-17,P07,Mechanical Keyboard,12,0
2024-04-18,P07,Mechanical Keyboard,12,0
2024-04-19,P07,Mechanical Keyboard,17,0
2024-04-20,P07,Mechanical Keyboard,10,0
2024-04-21,P07,Mechanical Keyboard,20,0
2024-04-22,P07,Mechanical Keyboard,15,0
2024-04-23,P07,Mechanical Keyboard,16,0
2024-04-24,P07,Mechanical Keyboard,13,0
2024-04-25,P07,Mechanical Keyboard,16,0
2024-04-26,P07,Mechanical Keyboard,10,0
2024-04-27,P07,Mechanical Keyboard,21,0
2024-04-28,P07,Mechanical Keyboard,14,0
2024-04-29,P07,Mechanical Keyboard,8,0
2024-04-30,P07,Mechanical Keyboard,9,0
2024-05-01,P07,Mechanical Keyboard,13,0
2024-05-02,P07,Mechanical Keyboard,11,0
2024-05-03,P07,Mechanical Keyboard,16,0
2024-05-04,P07,Mechanical Keyboard,11,0
2024-05-05,P07,Mechanical Keyboard,9,0
2024-05-06,P07,Mechanical Keyboard,17,0
2024-05-07,P07,Mechanical Keyboard,15,0
2024-05-08,P07,Mechanical Keyboard,10,0
2024-05-09,P07,Mechanical Keyboard,13,0
2024-05-10,P07,Mechanical Keyboard,18,0
2024-05-11,P07,Mechanical Keyboard,20,0
2024-05-12,P07,Mechanical Keyboard,17,0
2024-05-13,P07,Mechanical Keyboard,16,0
2024-05-14,P07,Mechanical Keyboard,11,0
2024-05-15,P07,Mechanical Keyboard,13,0
2024-05-16,P07,Mechanical Keyboard,14,0
2024-05-17,P07,Mechanical Keyboard,14,0
2024-05-18,P07,Mechanical Keyboard,17,0
2024-05-19,P07,Mechanical Keyboard,17,0
2024-05-20,P07,Mechanical Keyboard,13,0
2024-05-21,P07,Mechanical Keyboard,10,0
2024-05-22,P07,Mechanical Keyboard,14,1
2024-05-23,P07,Mechanical Keyboard,17,1
2024-05-24,P07,Mechanical Keyboard,13,1
2024-05-25,P07,Mechanical Keyboard,24,1
2024-05-26,P07,Mechanical Keyboard,21,1
2024-05-27,P07,Mechanical Keyboard,31,1
2024-05-28,P07,Mechanical Keyboard,12,0
2024-05-29,P07,Mechanical Keyboard,17,0
2024-05-30,P07,Mechanical Keyboard,14,0
2024-05-31,P07,Mechanical Keyboard,17,0
2024-06-01,P07,Mechanical Keyboard,19,0
2024-06-02,P07,Mechanical Keyboard,20,0
2024-06-03,P07,Mechanical Keyboard,11,0
2024-06-04,P07,Mechanical Keyboard,10,0
2024-06-05,P07,Mechanical Keyboard,12,0
2024-06-06,P07,Mechanical Keyboard,14,0
2024-06-07,P07,Mechanical Keyboard,14,0
2024-06-08,P07,Mechanical Keyboard,22,0
2024-06-09,P07,Mechanical Keyboard,22,0
2024-06-10,P07,Mechanical Keyboard,10,0
2024-06-11,P07,Mechanical Keyboard,11,0
2024-06-12,P07,Mechanical Keyboard,9,0
2024-06-13,P07,Mechanical Keyboard,20,0
2024-06-14,P07,Mechanical Keyboard,16,0
2024-06-15,P07,Mechanical Keyboard,21,0
2024-06-16,P07,Mechanical Keyboard,26,1
2024-06-17,P07,Mechanical Keyboard,16,1
2024-06-18,P07,Mechanical Keyboard,27,1
2024-06-19,P07,Mechanical Keyboard,16,1
2024-06-20,P07,Mechanical Keyboard,11,0
2024-06-21,P07,Mechanical Keyboard,21,0
2024-06-22,P07,Mechanical Keyboard,23,0
2024-06-23,P07,Mechanical Keyboard,17,0
2024-06-24,P07,Mechanical Keyboard,13,0
2024-06-25,P07,Mechanical Keyboard,11,0
2024-06-26,P07,Mechanical Keyboard,16,0
2024-06-27,P07,Mechanical Keyboard,13,0
2024-06-28,P07,Mechanical Keyboard,14,0
2024-06-29,P07,Mechanical Keyboard,21,0
2024-06-30,P07,Mechanical Keyboard,17,0
2024-07-01,P07,Mechanical Keyboard,13,0
2024-07-02,P07,Mechanical Keyboard,13,0
2024-07-03,P07,Mechanical Keyboard,16,0
2024-07-04,P07,Mechanical Keyboard,19,0
2024-07-05,P07,Mechanical Keyboard,17,0
2024-07-06,P07,Mechanical Keyboard,22,0
2024-07-07,P07,Mechanical Keyboard,17,0
2024-07-08,P07,Mechanical Keyboard,11,0
2024-07-09,P07,Mechanical Keyboard,15,0
2024-07-10,P07,Mechanical Keyboard,14,0
2024-07-11,P07,Mechanical Keyboard,10,0
2024-07-12,P07,Mechanical Keyboard,14,0
2024-07-13,P07,Mechanical Keyboard,18,0
2024-07-14,P07,Mechanical Keyboard,15,0
2024-07-15,P07,Mechanical Keyboard,17,0
2024-07-16,P07,Mechanical Keyboard,15,0
2024-07-17,P07,Mechanical Keyboard,17,0
2024-07-18,P07,Mechanical Keyboard,15,0
2024-07-19,P07,Mechanical Keyboard,15,0
2024-07-20,P07,Mechanical Keyboard,15,0
2024-07-21,P07,Mechanical Keyboard,17,0
2024-07-22,P07,Mechanical Keyboard,13,0
2024-07-23,P07,Mechanical Keyboard,9,0
2024-07-24,P07,Mechanical Keyboard,12,0
2024-07-25,P07,Mechanical Keyboard,13,0
2024-07-26,P07,Mechanical Keyboard,16,0
2024-07-27,P07,Mechanical Keyboard,20,0
2024-07-28,P07,Mechanical Keyboard,15,0
2024-07-29,P07,Mechanical Keyboard,14,0
2024-07-30,P07,Mechanical Keyboard,8,1
2024-07-31,P07,Mechanical Keyboard,22,1
2024-08-01,P07,Mechanical Keyboard,9,0
2024-08-02,P07,Mechanical Keyboard,15,0
2024-08-03,P07,Mechanical Keyboard,25,0
2024-08-04,P07,Mechanical Keyboard,14,0
2024-08-05,P07,Mechanical Keyboard,13,0
2024-08-06,P07,Mechanical Keyboard,9,0
2024-08-07,P07,Mechanical Keyboard,18,0
2024-08-08,P07,Mechanical Keyboard,13,0
2024-08-09,P07,Mechanical Keyboard,15,0
2024-08-10,P07,Mechanical Keyboard,24,0
2024-08-11,P07,Mechanical Keyboard,19,0
2024-08-12,P07,Mechanical Keyboard,10,0
2024-08-13,P07,Mechanical Keyboard,11,0
2024-08-14,P07,Mechanical Keyboard,14,0
2024-08-15,P07,Mechanical Keyboard,12,0
2024-08-16,P07,Mechanical Keyboard,8,0
2024-08-17,P07,Mechanical Keyboard,18,0
2024-08-18,P07,Mechanical Keyboard,11,0
2024-08-19,P07,Mechanical Keyboard,17,0
2024-08-20,P07,Mechanical Keyboard,13,0
2024-08-21,P07,Mechanical Keyboard,10,0
2024-08-22,P07,Mechanical Keyboard,11,0
2024-08-23,P07,Mechanical Keyboard,9,0
2024-08-24,P07,Mechanical Keyboard,14,0
2024-08-25,P07,Mechanical Keyboard,20,0
2024-08-26,P07,Mechanical Keyboard,19,0
2024-08-27,P07,Mechanical Keyboard,14,0
2024-08-28,P07,Mechanical Keyboard,12,0
2024-08-29,P07,Mechanical Keyboard,12,0
2024-08-30,P07,Mechanical Keyboard,11,0
2024-08-31,P07,Mechanical Keyboard,26,0
2024-09-01,P07,Mechanical Keyboard,16,0
2024-09-02,P07,Mechanical Keyboard,18,0
2024-09-03,P07,Mechanical Keyboard,16,0
2024-09-04,P07,Mechanical Keyboard,8,0
2024-09-05,P07,Mechanical Keyboard,11,0
2024-09-06,P07,Mechanical Keyboard,12,0
2024-09-07,P07,Mechanical Keyboard,17,0
2024-09-08,P07,Mechanical Keyboard,16,0
2024-09-09,P07,Mechanical Keyboard,20,0
2024-09-10,P07,Mechanical Keyboard,9,0
2024-09-11,P07,Mechanical Keyboard,13,0
2024-09-12,P07,Mechanical Keyboard,15,0
2024-09-13,P07,Mechanical Keyboard,14,0
2024-09-14,P07,Mechanical Keyboard,18,0
2024-09-15,P07,Mechanical Keyboard,12,0
2024-09-16,P07,Mechanical Keyboard,12,0
2024-09-17,P07,Mechanical Keyboard,13,0
2024-09-18,P07,Mechanical Keyboard,13,0
2024-09-19,P07,Mechanical Keyboard,14,0
2024-09-20,P07,Mechanical Keyboard,18,0
2024-09-21,P07,Mechanical Keyboard,20,0
2024-09-22,P07,Mechanical Keyboard,16,0
2024-09-23,P07,Mechanical Keyboard,9,0
2024-09-24,P07,Mechanical Keyboard,10,0
2024-09-25,P07,Mechanical Keyboard,12,0
2024-09-26,P07,Mechanical Keyboard,13,0
2024-09-27,P07,Mechanical Keyboard,12,0
2024-09-28,P07,Mechanical Keyboard,13,0
2024-09-29,P07,Mechanical Keyboard,11,0
2024-09-30,P07,Mechanical Keyboard,7,0
2024-10-01,P07,Mechanical Keyboard,16,0
2024-10-02,P07,Mechanical Keyboard,12,0
2024-10-03,P07,Mechanical Keyboard,14,0
2024-10-04,P07,Mechanical Keyboard,18,0
2024-10-05,P07,Mechanical Keyboard,17,0
2024-10-06,P07,Mechanical Keyboard,24,0
2024-10-07,P07,Mechanical Keyboard,20,0
2024-10-08,P07,Mechanical Keyboard,15,0
2024-10-09,P07,Mechanical Keyboard,15,0
2024-10-10,P07,Mechanical Keyboard,20,0
2024-10-11,P07,Mechanical Keyboard,16,0
2024-10-12,P07,Mechanical Keyboard,20,0
2024-10-13,P07,Mechanical Keyboard,28,0
2024-10-14,P07,Mechanical Keyboard,29,1
2024-10-15,P07,Mechanical Keyboard,12,1
2024-10-16,P07,Mechanical Keyboard,29,1
2024-10-17,P07,Mechanical Keyboard,26,1
2024-10-18,P07,Mechanical Keyboard,19,0
2024-10-19,P07,Mechanical Keyboard,22,0
2024-10-20,P07,Mechanical Keyboard,23,0
2024-10-21,P07,Mechanical Keyboard,15,0
2024-10-22,P07,Mechanical Keyboard,19,0
2024-10-23,P07,Mechanical Keyboard,11,0
2024-10-24,P07,Mechanical Keyboard,15,0
2024-10-25,P07,Mechanical Keyboard,27,0
2024-10-26,P07,Mechanical Keyboard,20,0
2024-10-27,P07,Mechanical Keyboard,20,0
2024-10-28,P07,Mechanical Keyboard,13,0
2024-10-29,P07,Mechanical Keyboard,17,0
2024-10-30,P07,Mechanical Keyboard,14,0
2024-10-31,P07,Mechanical Keyboard,16,0
2024-11-01,P07,Mechanical Keyboard,22,0
2024-11-02,P07,Mechanical Keyboard,19,0
2024-11-03,P07,Mechanical Keyboard,25,0
2024-11-04,P07,Mechanical Keyboard,19,0
2024-11-05,P07,Mechanical Keyboard,20,0
2024-11-06,P07,Mechanical Keyboard,17,0
2024-11-07,P07,Mechanical Keyboard,29,0
2024-11-08,P07,Mechanical Keyboard,23,0
2024-11-09,P07,Mechanical Keyboard,24,0
2024-11-10,P07,Mechanical Keyboard,17,0
2024-11-11,P07,Mechanical Keyboard,16,0
2024-11-12,P07,Mechanical Keyboard,21,0
2024-11-13,P07,Mechanical Keyboard,22,0
2024-11-14,P07,Mechanical Keyboard,22,0
2024-11-15,P07,Mechanical Keyboard,21,0
2024-11-16,P07,Mechanical Keyboard,16,0
2024-11-17,P07,Mechanical Keyboard,23,0
2024-11-18,P07,Mechanical Keyboard,11,0
2024-11-19,P07,Mechanical Keyboard,11,0
2024-11-20,P07,Mechanical Keyboard,17,0
2024-11-21,P07,Mechanical Keyboard,18,0
2024-11-22,P07,Mechanical Keyboard,22,0
2024-11-23,P07,Mechanical Keyboard,25,0
2024-11-24,P07,Mechanical Keyboard,23,0
2024-11-25,P07,Mechanical Keyboard,12,0
2024-11-26,P07,Mechanical Keyboard,15,0
2024-11-27,P07,Mechanical Keyboard,11,0
2024-11-28,P07,Mechanical Keyboard,9,0
2024-11-29,P07,Mechanical Keyboard,21,0
2024-11-30,P07,Mechanical Keyboard,19,0
2024-12-01,P07,Mechanical Keyboard,22,0
2024-12-02,P07,Mechanical Keyboard,17,0
2024-12-03,P07,Mechanical Keyboard,12,0
2024-12-04,P07,Mechanical Keyboard,16,0
2024-12-05,P07,Mechanical Keyboard,13,0
2024-12-06,P07,Mechanical Keyboard,10,0
2024-12-07,P07,Mechanical Keyboard,20,0
2024-12-08,P07,Mechanical Keyboard,16,0
2024-12-09,P07,Mechanical Keyboard,13,0
2024-12-10,P07,Mechanical Keyboard,20,0
2024-12-11,P07,Mechanical Keyboard,9,0
2024-12-12,P07,Mechanical Keyboard,16,0
2024-12-13,P07,Mechanical Keyboard,13,0
2024-12-14,P07,Mechanical Keyboard,24,0
2024-12-15,P07,Mechanical Keyboard,20,0
2024-12-16,P07,Mechanical Keyboard,15,0
2024-12-17,P07,Mechanical Keyboard,11,0
2024-12-18,P07,Mechanical Keyboard,12,0
2024-12-19,P07,Mechanical Keyboard,18,0
2024-12-20,P07,Mechanical Keyboard,22,0
2024-12-21,P07,Mechanical Keyboard,22,0
2024-12-22,P07,Mechanical Keyboard,15,0
2024-12-23,P07,Mechanical Keyboard,15,0
2024-12-24,P07,Mechanical Keyboard,21,0
2024-12-25,P07,Mechanical Keyboard,15,0
2024-12-26,P07,Mechanical Keyboard,15,0
2024-12-27,P07,Mechanical Keyboard,10,0
2024-12-28,P07,Mechanical Keyboard,15,0
2024-12-29,P07,Mechanical Keyboard,16,0
2024-12-30,P07,Mechanical Keyboard,12,0
2024-12-31,P07,Mechanical Keyboard,9,0
2025-01-01,P07,Mechanical Keyboard,10,0
2025-01-02,P07,Mechanical Keyboard,16,0
2025-01-03,P07,Mechanical Keyboard,18,0
2025-01-04,P07,Mechanical Keyboard,24,0
2025-01-05,P07,Mechanical Keyboard,23,0
2025-01-06,P07,Mechanical Keyboard,11,0
2025-01-07,P07,Mechanical Keyboard,10,0
2025-01-08,P07,Mechanical Keyboard,14,0
2025-01-09,P07,Mechanical Keyboard,13,0
2025-01-10,P07,Mechanical Keyboard,10,0
2025-01-11,P07,Mechanical Keyboard,12,0
2025-01-12,P07,Mechanical Keyboard,16,0
2025-01-13,P07,Mechanical Keyboard,10,0
2025-01-14,P07,Mechanical Keyboard,11,0
2025-01-15,P07,Mechanical Keyboard,14,0
2025-01-16,P07,Mechanical Keyboard,24,1
2025-01-17,P07,Mechanical Keyboard,23,1
2025-01-18,P07,Mechanical Keyboard,17,1
2025-01-19,P07,Mechanical Keyboard,12,0
2025-01-20,P07,Mechanical Keyboard,9,0
2025-01-21,P07,Mechanical Keyboard,11,0
2025-01-22,P07,Mechanical Keyboard,15,0
2025-01-23,P07,Mechanical Keyboard,17,0
2025-01-24,P07,Mechanical Keyboard,11,0
2025-01-25,P07,Mechanical Keyboard,18,0
2025-01-26,P07,Mechanical Keyboard,16,0
2025-01-27,P07,Mechanical Keyboard,12,0
2025-01-28,P07,Mechanical Keyboard,12,0
2025-01-29,P07,Mechanical Keyboard,12,0
2025-01-30,P07,Mechanical Keyboard,16,0
2025-01-31,P07,Mechanical Keyboard,16,0
2025-02-01,P07,Mechanical Keyboard,12,0
2025-02-02,P07,Mechanical Keyboard,17,0
2025-02-03,P07,Mechanical Keyboard,13,0
2025-02-04,P07,Mechanical Keyboard,12,0
2025-02-05,P07,Mechanical Keyboard,14,0
2025-02-06,P07,Mechanical Keyboard,12,0
2025-02-07,P07,Mechanical Keyboard,14,0
2025-02-08,P07,Mechanical Keyboard,17,0
2025-02-09,P07,Mechanical Keyboard,8,0
2025-02-10,P07,Mechanical Keyboard,11,0
2025-02-11,P07,Mechanical Keyboard,10,0
2025-02-12,P07,Mechanical Keyboard,9,0
2025-02-13,P07,Mechanical Keyboard,16,0
2025-02-14,P07,Mechanical Keyboard,15,0
2025-02-15,P07,Mechanical Keyboard,16,0
2025-02-16,P07,Mechanical Keyboard,13,0
2025-02-17,P07,Mechanical Keyboard,12,0
2025-02-18,P07,Mechanical Keyboard,14,0
2025-02-19,P07,Mechanical Keyboard,10,0
2025-02-20,P07,Mechanical Keyboard,12,0
2025-02-21,P07,Mechanical Keyboard,16,0
2025-02-22,P07,Mechanical Keyboard,10,0
2025-02-23,P07,Mechanical Keyboard,15,0
2025-02-24,P07,Mechanical Keyboard,11,0
2025-02-25,P07,Mechanical Keyboard,11,0
2025-02-26,P07,Mechanical Keyboard,11,0
2025-02-27,P07,Mechanical Keyboard,13,0
2025-02-28,P07,Mechanical Keyboard,20,0
2025-03-01,P07,Mechanical Keyboard,16,0
2025-03-02,P07,Mechanical Keyboard,17,0
2025-03-03,P07,Mechanical Keyboard,17,0
2025-03-04,P07,Mechanical Keyboard,11,0
2025-03-05,P07,Mechanical Keyboard,17,0
2025-03-06,P07,Mechanical Keyboard,13,0
2025-03-07,P07,Mechanical Keyboard,19,0
2025-03-08,P07,Mechanical Keyboard,20,0
2025-03-09,P07,Mechanical Keyboard,17,0
2025-03-10,P07,Mechanical Keyboard,12,0
2025-03-11,P07,Mechanical Keyboard,10,0
2025-03-12,P07,Mechanical Keyboard,13,0
2025-03-13,P07,Mechanical Keyboard,15,0
2025-03-14,P07,Mechanical Keyboard,20,1
2025-03-15,P07,Mechanical Keyboard,31,1
2025-03-16,P07,Mechanical Keyboard,21,1
2025-03-17,P07,Mechanical Keyboard,10,0
2025-03-18,P07,Mechanical Keyboard,13,0
2025-03-19,P07,Mechanical Keyboard,17,0
2025-03-20,P07,Mechanical Keyboard,16,0
2025-03-21,P07,Mechanical Keyboard,10,0
2025-03-22,P07,Mechanical Keyboard,17,0
2025-03-23,P07,Mechanical Keyboard,13,0
2025-03-24,P07,Mechanical Keyboard,12,0
2025-03-25,P07,Mechanical Keyboard,17,0
2025-03-26,P07,Mechanical Keyboard,9,0
2025-03-27,P07,Mechanical Keyboard,9,0
2025-03-28,P07,Mechanical Keyboard,12,0
2025-03-29,P07,Mechanical Keyboard,19,0
2025-03-30,P07,Mechanical Keyboard,19,0
2025-03-31,P07,Mechanical Keyboard,14,0
2025-04-01,P07,Mechanical Keyboard,16,0
2025-04-02,P07,Mechanical Keyboard,8,0
2025-04-03,P07,Mechanical Keyboard,17,0
2025-04-04,P07,Mechanical Keyboard,14,0
2025-04-05,P07,Mechanical Keyboard,21,0
2025-04-06,P07,Mechanical Keyboard,28,1
2025-04-07,P07,Mechanical Keyboard,23,1
2025-04-08,P07,Mechanical Keyboard,19,1
2025-04-09,P07,Mechanical Keyboard,10,0
2025-04-10,P07,Mechanical Keyboard,15,0
2025-04-11,P07,Mechanical Keyboard,18,0
2025-04-12,P07,Mechanical Keyboard,24,0
2025-04-13,P07,Mechanical Keyboard,15,0
2025-04-14,P07,Mechanical Keyboard,16,0
2025-04-15,P07,Mechanical Keyboard,17,0
2025-04-16,P07,Mechanical Keyboard,9,0
2025-04-17,P07,Mechanical Keyboard,16,0
2025-04-18,P07,Mechanical Keyboard,18,0
2025-04-19,P07,Mechanical Keyboard,18,0
2025-04-20,P07,Mechanical Keyboard,13,0
2025-04-21,P07,Mechanical Keyboard,16,0
2025-04-22,P07,Mechanical Keyboard,10,0
2025-04-23,P07,Mechanical Keyboard,13,0
2025-04-24,P07,Mechanical Keyboard,14,0
2025-04-25,P07,Mechanical Keyboard,18,0
2025-04-26,P07,Mechanical Keyboard,16,0
2025-04-27,P07,Mechanical Keyboard,15,0
2025-04-28,P07,Mechanical Keyboard,14,0
2025-04-29,P07,Mechanical Keyboard,16,0
2025-04-30,P07,Mechanical Keyboard,21,0
2025-05-01,P07,Mechanical Keyboard,20,1
2025-05-02,P07,Mechanical Keyboard,32,1
2025-05-03,P07,Mechanical Keyboard,26,1
2025-05-04,P07,Mechanical Keyboard,24,1
2025-05-05,P07,Mechanical Keyboard,15,0
2025-05-06,P07,Mechanical Keyboard,15,0
2025-05-07,P07,Mechanical Keyboard,14,0
2025-05-08,P07,Mechanical Keyboard,10,0
2025-05-09,P07,Mechanical Keyboard,18,0
2025-05-10,P07,Mechanical Keyboard,19,0
2025-05-11,P07,Mechanical Keyboard,23,0
2025-05-12,P07,Mechanical Keyboard,12,0
2025-05-13,P07,Mechanical Keyboard,9,0
2025-05-14,P07,Mechanical Keyboard,29,1
2025-05-15,P07,Mechanical Keyboard,20,1
2025-05-16,P07,Mechanical Keyboard,13,0
2025-05-17,P07,Mechanical Keyboard,27,0
2025-05-18,P07,Mechanical Keyboard,14,0
2025-05-19,P07,Mechanical Keyboard,12,0
2025-05-20,P07,Mechanical Keyboard,16,0
2025-05-21,P07,Mechanical Keyboard,8,0
2025-05-22,P07,Mechanical Keyboard,19,0
2025-05-23,P07,Mechanical Keyboard,18,0
2025-05-24,P07,Mechanical Keyboard,24,0
2025-05-25,P07,Mechanical Keyboard,21,0
2025-05-26,P07,Mechanical Keyboard,13,0
2025-05-27,P07,Mechanical Keyboard,11,0
2025-05-28,P07,Mechanical Keyboard,14,0
2025-05-29,P07,Mechanical Keyboard,12,0
2025-05-30,P07,Mechanical Keyboard,18,0
2025-05-31,P07,Mechanical Keyboard,23,0
2025-06-01,P07,Mechanical Keyboard,24,0
2025-06-02,P07,Mechanical Keyboard,15,0
2025-06-03,P07,Mechanical Keyboard,17,0
2025-06-04,P07,Mechanical Keyboard,13,0
2025-06-05,P07,Mechanical Keyboard,13,0
2025-06-06,P07,Mechanical Keyboard,18,0
2025-06-07,P07,Mechanical Keyboard,32,1
2025-06-08,P07,Mechanical Keyboard,23,1
2025-06-09,P07,Mechanical Keyboard,16,0
2025-06-10,P07,Mechanical Keyboard,17,0
2025-06-11,P07,Mechanical Keyboard,11,0
2025-06-12,P07,Mechanical Keyboard,17,0
2025-06-13,P07,Mechanical Keyboard,14,0
2025-06-14,P07,Mechanical Keyboard,20,0
2025-06-15,P07,Mechanical Keyboard,24,0
2025-06-16,P07,Mechanical Keyboard,17,0
2025-06-17,P07,Mechanical Keyboard,17,0
2025-06-18,P07,Mechanical Keyboard,20,0
2025-06-19,P07,Mechanical Keyboard,13,0
2025-06-20,P07,Mechanical Keyboard,13,0
2025-06-21,P07,Mechanical Keyboard,17,0
2025-06-22,P07,Mechanical Keyboard,18,0
2025-06-23,P07,Mechanical Keyboard,7,0
2025-06-24,P07,Mechanical Keyboard,13,0
2025-06-25,P07,Mechanical Keyboard,13,0
2025-06-26,P07,Mechanical Keyboard,17,0
2025-06-27,P07,Mechanical Keyboard,18,0
2025-06-28,P07,Mechanical Keyboard,17,0
2025-06-29,P07,Mechanical Keyboard,31,1
2025-06-30,P07,Mechanical Keyboard,17,1
2025-07-01,P07,Mechanical Keyboard,7,0
2025-07-02,P07,Mechanical Keyboard,11,0
2025-07-03,P07,Mechanical Keyboard,12,0
2025-07-04,P07,Mechanical Keyboard,17,0
2025-07-05,P07,Mechanical Keyboard,16,0
2025-07-06,P07,Mechanical Keyboard,16,0
2025-07-07,P07,Mechanical Keyboard,10,0
2025-07-08,P07,Mechanical Keyboard,15,0
2025-07-09,P07,Mechanical Keyboard,16,0
2025-07-10,P07,Mechanical Keyboard,16,0
2025-07-11,P07,Mechanical Keyboard,16,0
2025-07-12,P07,Mechanical Keyboard,13,0
2025-07-13,P07,Mechanical Keyboard,16,0
2025-07-14,P07,Mechanical Keyboard,13,0
2025-07-15,P07,Mechanical Keyboard,13,0
2025-07-16,P07,Mechanical Keyboard,15,0
2025-07-17,P07,Mechanical Keyboard,19,0
2025-07-18,P07,Mechanical Keyboard,19,0
2025-07-19,P07,Mechanical Keyboard,16,0
2025-07-20,P07,Mechanical Keyboard,21,0
2025-07-21,P07,Mechanical Keyboard,16,0
2025-07-22,P07,Mechanical Keyboard,12,0
2025-07-23,P07,Mechanical Keyboard,17,0
2025-07-24,P07,Mechanical Keyboard,14,0
2025-07-25,P07,Mechanical Keyboard,11,0
2025-07-26,P07,Mechanical Keyboard,22,0
2025-07-27,P07,Mechanical Keyboard,19,0
2025-07-28,P07,Mechanical Keyboard,13,0
2025-07-29,P07,Mechanical Keyboard,14,0
2025-07-30,P07,Mechanical Keyboard,12,0
2025-07-31,P07,Mechanical Keyboard,17,0
2025-08-01,P07,Mechanical Keyboard,16,0
2025-08-02,P07,Mechanical Keyboard,35,1
2025-08-03,P07,Mechanical Keyboard,24,1
2025-08-04,P07,Mechanical Keyboard,26,1
2025-08-05,P07,Mechanical Keyboard,10,0
2025-08-06,P07,Mechanical Keyboard,14,0
2025-08-07,P07,Mechanical Keyboard,16,0
2025-08-08,P07,Mechanical Keyboard,18,0
2025-08-09,P07,Mechanical Keyboard,14,0
2025-08-10,P07,Mechanical Keyboard,18,0
2025-08-11,P07,Mechanical Keyboard,19,0
2025-08-12,P07,Mechanical Keyboard,19,0
2025-08-13,P07,Mechanical Keyboard,17,0
2025-08-14,P07,Mechanical Keyboard,15,0
2025-08-15,P07,Mechanical Keyboard,12,0
2025-08-16,P07,Mechanical Keyboard,22,0
2025-08-17,P07,Mechanical Keyboard,17,0
2025-08-18,P07,Mechanical Keyboard,15,0
2025-08-19,P07,Mechanical Keyboard,12,0
2025-08-20,P07,Mechanical Keyboard,23,1
2025-08-21,P07,Mechanical Keyboard,24,1
2025-08-22,P07,Mechanical Keyboard,17,1
2025-08-23,P07,Mechanical Keyboard,33,1
2025-08-24,P07,Mechanical Keyboard,27,0
2025-08-25,P07,Mechanical Keyboard,15,0
2025-08-26,P07,Mechanical Keyboard,9,0
2025-08-27,P07,Mechanical Keyboard,11,0
2025-08-28,P07,Mechanical Keyboard,16,0
2025-08-29,P07,Mechanical Keyboard,20,0
2025-08-30,P07,Mechanical Keyboard,14,0
2025-08-31,P07,Mechanical Keyboard,17,0
2025-09-01,P07,Mechanical Keyboard,14,0
2025-09-02,P07,Mechanical Keyboard,16,0
2025-09-03,P07,Mechanical Keyboard,12,0
2025-09-04,P07,Mechanical Keyboard,9,0
2025-09-05,P07,Mechanical Keyboard,17,0
2025-09-06,P07,Mechanical Keyboard,23,0
2025-09-07,P07,Mechanical Keyboard,17,0
2025-09-08,P07,Mechanical Keyboard,14,0
2025-09-09,P07,Mechanical Keyboard,12,0
2025-09-10,P07,Mechanical Keyboard,11,0
2025-09-11,P07,Mechanical Keyboard,17,0
2025-09-12,P07,Mechanical Keyboard,16,0
2025-09-13,P07,Mechanical Keyboard,20,0
2025-09-14,P07,Mechanical Keyboard,22,1
2025-09-15,P07,Mechanical Keyboard,18,1
2025-09-16,P07,Mechanical Keyboard,11,0
2025-09-17,P07,Mechanical Keyboard,15,0
2025-09-18,P07,Mechanical Keyboard,13,0
2025-09-19,P07,Mechanical Keyboard,12,0
2025-09-20,P07,Mechanical Keyboard,18,0
2025-09-21,P07,Mechanical Keyboard,17,0
2025-09-22,P07,Mechanical Keyboard,15,0
2025-09-23,P07,Mechanical Keyboard,14,0
2025-09-24,P07,Mechanical Keyboard,14,0
2025-09-25,P07,Mechanical Keyboard,14,0
2025-09-26,P07,Mechanical Keyboard,14,0
2025-09-27,P07,Mechanical Keyboard,15,0
2025-09-28,P07,Mechanical Keyboard,18,0
2025-09-29,P07,Mechanical Keyboard,12,0
2025-09-30,P07,Mechanical Keyboard,17,0
2025-10-01,P07,Mechanical Keyboard,24,0
2025-10-02,P07,Mechanical Keyboard,22,0
2025-10-03,P07,Mechanical Keyboard,23,0
2025-10-04,P07,Mechanical Keyboard,25,0
2025-10-05,P07,Mechanical Keyboard,17,0
2025-10-06,P07,Mechanical Keyboard,17,0
2025-10-07,P07,Mechanical Keyboard,18,0
2025-10-08,P07,Mechanical Keyboard,19,0
2025-10-09,P07,Mechanical Keyboard,21,0
2025-10-10,P07,Mechanical Keyboard,25,0
2025-10-11,P07,Mechanical Keyboard,22,0
2025-10-12,P07,Mechanical Keyboard,20,0
2025-10-13,P07,Mechanical Keyboard,23,0
2025-10-14,P07,Mechanical Keyboard,21,0
2025-10-15,P07,Mechanical Keyboard,17,0
2025-10-16,P07,Mechanical Keyboard,18,0
2025-10-17,P07,Mechanical Keyboard,20,0
2025-10-18,P07,Mechanical Keyboard,25,0
2025-10-19,P07,Mechanical Keyboard,26,0
2025-10-20,P07,Mechanical Keyboard,27,0
2025-10-21,P07,Mechanical Keyboard,18,0
2025-10-22,P07,Mechanical Keyboard,20,0
2025-10-23,P07,Mechanical Keyboard,12,0
2025-10-24,P07,Mechanical Keyboard,18,0
2025-10-25,P07,Mechanical Keyboard,31,0
2025-10-26,P07,Mechanical Keyboard,25,0
2025-10-27,P07,Mechanical Keyboard,1,0
2025-10-28,P07,Mechanical Keyboard,20,0
2025-10-29,P07,Mechanical Keyboard,25,0
2025-10-30,P07,Mechanical Keyboard,10,0
2025-10-31,P07,Mechanical Keyboard,27,0
2025-11-01,P07,Mechanical Keyboard,10,0
2025-11-02,P07,Mechanical Keyboard,27,0
2025-11-03,P07,Mechanical Keyboard,17,0
2025-11-04,P07,Mechanical Keyboard,8,0
2025-11-05,P07,Mechanical Keyboard,19,0
2025-11-06,P07,Mechanical Keyboard,23,0
2025-11-07,P07,Mechanical Keyboard,21,0
2025-11-08,P07,Mechanical Keyboard,27,0
2025-11-09,P07,Mechanical Keyboard,20,0
2025-11-10,P07,Mechanical Keyboard,10,0
2025-11-11,P07,Mechanical Keyboard,20,0
2025-11-12,P07,Mechanical Keyboard,24,0
2025-11-13,P07,Mechanical Keyboard,22,0
2025-11-14,P07,Mechanical Keyboard,11,0
2025-11-15,P07,Mechanical Keyboard,16,0
2025-11-16,P07,Mechanical Keyboard,18,0
2025-11-17,P07,Mechanical Keyboard,11,0
2025-11-18,P07,Mechanical Keyboard,17,0
2025-11-19,P07,Mechanical Keyboard,19,0
2025-11-20,P07,Mechanical Keyboard,12,0
2025-11-21,P07,Mechanical Keyboard,23,0
2025-11-22,P07,Mechanical Keyboard,27,0
2025-11-23,P07,Mechanical Keyboard,19,0
2025-11-24,P07,Mechanical Keyboard,16,0
2025-11-25,P07,Mechanical Keyboard,10,0
2025-11-26,P07,Mechanical Keyboard,16,0
2025-11-27,P07,Mechanical Keyboard,28,1
2025-11-28,P07,Mechanical Keyboard,34,1
2025-11-29,P07,Mechanical Keyboard,37,1
2025-11-30,P07,Mechanical Keyboard,27,0
2025-12-01,P07,Mechanical Keyboard,15,0
2025-12-02,P07,Mechanical Keyboard,16,0
2025-12-03,P07,Mechanical Keyboard,15,0
2025-12-04,P07,Mechanical Keyboard,13,0
2025-12-05,P07,Mechanical Keyboard,19,0
2025-12-06,P07,Mechanical Keyboard,19,0
2025-12-07,P07,Mechanical Keyboard,21,0
2025-12-08,P07,Mechanical Keyboard,15,0
2025-12-09,P07,Mechanical Keyboard,14,0
2025-12-10,P07,Mechanical Keyboard,14,0
2025-12-11,P07,Mechanical Keyboard,14,0
2025-12-12,P07,Mechanical Keyboard,11,0
2025-12-13,P07,Mechanical Keyboard,23,0
2025-12-14,P07,Mechanical Keyboard,21,0
2025-12-15,P07,Mechanical Keyboard,18,0
2025-12-16,P07,Mechanical Keyboard,13,0
2025-12-17,P07,Mechanical Keyboard,22,0
2025-12-18,P07,Mechanical Keyboard,14,0
2025-12-19,P07,Mechanical Keyboard,14,0
2025-12-20,P07,Mechanical Keyboard,17,0
2025-12-21,P07,Mechanical Keyboard,12,0
2025-12-22,P07,Mechanical Keyboard,20,0
2025-12-23,P07,Mechanical Keyboard,19,0
2025-12-24,P07,Mechanical Keyboard,17,0
2025-12-25,P07,Mechanical Keyboard,13,0
2025-12-26,P07,Mechanical Keyboard,19,0
2025-12-27,P07,Mechanical Keyboard,15,0
2025-12-28,P07,Mechanical Keyboard,14,0
2025-12-29,P07,Mechanical Keyboard,15,0
2025-12-30,P07,Mechanical Keyboard,13,0
2024-01-01,P08,LED Desk Lamp,26,0
2024-01-02,P08,LED Desk Lamp,18,0
2024-01-03,P08,LED Desk Lamp,18,0
2024-01-04,P08,LED Desk Lamp,14,0
2024-01-05,P08,LED Desk Lamp,19,0
2024-01-06,P08,LED Desk Lamp,25,0
2024-01-07,P08,LED Desk Lamp,16,0
2024-01-08,P08,LED Desk Lamp,10,0
2024-01-09,P08,LED Desk Lamp,15,0
2024-01-10,P08,LED Desk Lamp,19,0
2024-01-11,P08,LED Desk Lamp,16,0
2024-01-12,P08,LED Desk Lamp,17,0
2024-01-13,P08,LED Desk Lamp,16,0
2024-01-14,P08,LED Desk Lamp,21,0
2024-01-15,P08,LED Desk Lamp,17,0
2024-01-16,P08,LED Desk Lamp,11,0
2024-01-17,P08,LED Desk Lamp,18,0
2024-01-18,P08,LED Desk Lamp,18,0
2024-01-19,P08,LED Desk Lamp,21,0
2024-01-20,P08,LED Desk Lamp,24,0
2024-01-21,P08,LED Desk Lamp,22,0
2024-01-22,P08,LED Desk Lamp,17,0
2024-01-23,P08,LED Desk Lamp,17,0
2024-01-24,P08,LED Desk Lamp,11,0
2024-01-25,P08,LED Desk Lamp,13,0
2024-01-26,P08,LED Desk Lamp,16,0
2024-01-27,P08,LED Desk Lamp,22,0
2024-01-28,P08,LED Desk Lamp,22,0
2024-01-29,P08,LED Desk Lamp,16,0
2024-01-30,P08,LED Desk Lamp,18,0
2024-01-31,P08,LED Desk Lamp,19,0
2024-02-01,P08,LED Desk Lamp,14,0
2024-02-02,P08,LED Desk Lamp,19,0
2024-02-03,P08,LED Desk Lamp,19,0
2024-02-04,P08,LED Desk Lamp,20,0
2024-02-05,P08,LED Desk Lamp,17,0
2024-02-06,P08,LED Desk Lamp,8,0
2024-02-07,P08,LED Desk Lamp,22,0
2024-02-08,P08,LED Desk Lamp,18,0
2024-02-09,P08,LED Desk Lamp,17,0
2024-02-10,P08,LED Desk Lamp,29,0
2024-02-11,P08,LED Desk Lamp,20,0
2024-02-12,P08,LED Desk Lamp,16,0
2024-02-13,P08,LED Desk Lamp,15,0
2024-02-14,P08,LED Desk Lamp,20,0
2024-02-15,P08,LED Desk Lamp,17,0
2024-02-16,P08,LED Desk Lamp,19,0
2024-02-17,P08,LED Desk Lamp,27,0
2024-02-18,P08,LED Desk Lamp,23,0
2024-02-19,P08,LED Desk Lamp,16,0
2024-02-20,P08,LED Desk Lamp,19,0
2024-02-21,P08,LED Desk Lamp,23,0
2024-02-22,P08,LED Desk Lamp,18,0
2024-02-23,P08,LED Desk Lamp,19,0
2024-02-24,P08,LED Desk Lamp,39,1
2024-02-25,P08,LED Desk Lamp,33,1
2024-02-26,P08,LED Desk Lamp,13,0
2024-02-27,P08,LED Desk Lamp,14,0
2024-02-28,P08,LED Desk Lamp,16,0
2024-02-29,P08,LED Desk Lamp,17,0
2024-03-01,P08,LED Desk Lamp,24,0
2024-03-02,P08,LED Desk Lamp,25,0
2024-03-03,P08,LED Desk Lamp,19,0
2024-03-04,P08,LED Desk Lamp,15,0
2024-03-05,P08,LED Desk Lamp,20,0
2024-03-06,P08,LED Desk Lamp,20,0
2024-03-07,P08,LED Desk Lamp,18,0
2024-03-08,P08,LED Desk Lamp,18,0
2024-03-09,P08,LED Desk Lamp,35,1
2024-03-10,P08,LED Desk Lamp,42,1
2024-03-11,P08,LED Desk Lamp,23,1
2024-03-12,P08,LED Desk Lamp,18,0
2024-03-13,P08,LED Desk Lamp,16,0
2024-03-14,P08,LED Desk Lamp,14,0
2024-03-15,P08,LED Desk Lamp,22,0
2024-03-16,P08,LED Desk Lamp,28,0
2024-03-17,P08,LED Desk Lamp,22,0
2024-03-18,P08,LED Desk Lamp,16,0
2024-03-19,P08,LED Desk Lamp,15,0
2024-03-20,P08,LED Desk Lamp,17,0
2024-03-21,P08,LED Desk Lamp,17,0
2024-03-22,P08,LED Desk Lamp,17,0
2024-03-23,P08,LED Desk Lamp,32,0
2024-03-24,P08,LED Desk Lamp,25,0
2024-03-25,P08,LED Desk Lamp,19,0
2024-03-26,P08,LED Desk Lamp,20,0
2024-03-27,P08,LED Desk Lamp,20,0
2024-03-28,P08,LED Desk Lamp,17,0
2024-03-29,P08,LED Desk Lamp,21,0
2024-03-30,P08,LED Desk Lamp,24,0
2024-03-31,P08,LED Desk Lamp,25,0
2024-04-01,P08,LED Desk Lamp,19,0
2024-04-02,P08,LED Desk Lamp,17,0
2024-04-03,P08,LED Desk Lamp,15,0
2024-04-04,P08,LED Desk Lamp,19,0
2024-04-05,P08,LED Desk Lamp,20,0
2024-04-06,P08,LED Desk Lamp,18,0
2024-04-07,P08,LED Desk Lamp,25,0
2024-04-08,P08,LED Desk Lamp,21,0
2024-04-09,P08,LED Desk Lamp,25,0
2024-04-10,P08,LED Desk Lamp,17,0
2024-04-11,P08,LED Desk Lamp,18,0
2024-04-12,P08,LED Desk Lamp,18,0
2024-04-13,P08,LED Desk Lamp,27,0
2024-04-14,P08,LED Desk Lamp,25,0
2024-04-15,P08,LED Desk Lamp,16,0
2024-04-16,P08,LED Desk Lamp,18,0
2024-04-17,P08,LED Desk Lamp,13,0
2024-04-18,P08,LED Desk Lamp,22,0
2024-04-19,P08,LED Desk Lamp,19,0
2024-04-20,P08,LED Desk Lamp,26,0
2024-04-21,P08,LED Desk Lamp,19,0
2024-04-22,P08,LED Desk Lamp,17,0
2024-04-23,P08,LED Desk Lamp,18,0
2024-04-24,P08,LED Desk Lamp,19,0
2024-04-25,P08,LED Desk Lamp,21,0
2024-04-26,P08,LED Desk Lamp,26,0
2024-04-27,P08,LED Desk Lamp,29,0
2024-04-28,P08,LED Desk Lamp,28,0
2024-04-29,P08,LED Desk Lamp,23,0
2024-04-30,P08,LED Desk Lamp,20,0
2024-05-01,P08,LED Desk Lamp,19,0
2024-05-02,P08,LED Desk Lamp,23,0
2024-05-03,P08,LED Desk Lamp,25,0
2024-05-04,P08,LED Desk Lamp,29,0
2024-05-05,P08,LED Desk Lamp,19,0
2024-05-06,P08,LED Desk Lamp,17,0
2024-05-07,P08,LED Desk Lamp,18,0
2024-05-08,P08,LED Desk Lamp,22,0
2024-05-09,P08,LED Desk Lamp,20,0
2024-05-10,P08,LED Desk Lamp,26,0
2024-05-11,P08,LED Desk Lamp,32,0
2024-05-12,P08,LED Desk Lamp,30,0
2024-05-13,P08,LED Desk Lamp,23,0
2024-05-14,P08,LED Desk Lamp,16,0
2024-05-15,P08,LED Desk Lamp,21,0
2024-05-16,P08,LED Desk Lamp,18,0
2024-05-17,P08,LED Desk Lamp,17,0
2024-05-18,P08,LED Desk Lamp,26,0
2024-05-19,P08,LED Desk Lamp,30,0
2024-05-20,P08,LED Desk Lamp,21,0
2024-05-21,P08,LED Desk Lamp,25,0
2024-05-22,P08,LED Desk Lamp,20,0
2024-05-23,P08,LED Desk Lamp,33,1
2024-05-24,P08,LED Desk Lamp,28,1
2024-05-25,P08,LED Desk Lamp,34,1
2024-05-26,P08,LED Desk Lamp,23,0
2024-05-27,P08,LED Desk Lamp,23,0
2024-05-28,P08,LED Desk Lamp,23,0
2024-05-29,P08,LED Desk Lamp,23,0
2024-05-30,P08,LED Desk Lamp,19,0
2024-05-31,P08,LED Desk Lamp,22,0
2024-06-01,P08,LED Desk Lamp,27,0
2024-06-02,P08,LED Desk Lamp,29,0
2024-06-03,P08,LED Desk Lamp,24,0
2024-06-04,P08,LED Desk Lamp,21,0
2024-06-05,P08,LED Desk Lamp,26,0
2024-06-06,P08,LED Desk Lamp,23,0
2024-06-07,P08,LED Desk Lamp,22,0
2024-06-08,P08,LED Desk Lamp,31,0
2024-06-09,P08,LED Desk Lamp,32,0
2024-06-10,P08,LED Desk Lamp,25,0
2024-06-11,P08,LED Desk Lamp,23,0
2024-06-12,P08,LED Desk Lamp,20,0
2024-06-13,P08,LED Desk Lamp,20,0
2024-06-14,P08,LED Desk Lamp,40,1
2024-06-15,P08,LED Desk Lamp,44,1
2024-06-16,P08,LED Desk Lamp,26,0
2024-06-17,P08,LED Desk Lamp,19,0
2024-06-18,P08,LED Desk Lamp,19,0
2024-06-19,P08,LED Desk Lamp,20,0
2024-06-20,P08,LED Desk Lamp,26,0
2024-06-21,P08,LED Desk Lamp,22,0
2024-06-22,P08,LED Desk Lamp,28,0
2024-06-23,P08,LED Desk Lamp,22,0
2024-06-24,P08,LED Desk Lamp,22,0
2024-06-25,P08,LED Desk Lamp,24,0
2024-06-26,P08,LED Desk Lamp,25,0
2024-06-27,P08,LED Desk Lamp,21,0
2024-06-28,P08,LED Desk Lamp,25,0
2024-06-29,P08,LED Desk Lamp,27,0
2024-06-30,P08,LED Desk Lamp,28,0
2024-07-01,P08,LED Desk Lamp,20,0
2024-07-02,P08,LED Desk Lamp,20,0
2024-07-03,P08,LED Desk Lamp,20,0
2024-07-04,P08,LED Desk Lamp,22,0
2024-07-05,P08,LED Desk Lamp,22,0
2024-07-06,P08,LED Desk Lamp,27,0
2024-07-07,P08,LED Desk Lamp,32,0
2024-07-08,P08,LED Desk Lamp,27,0
2024-07-09,P08,LED Desk Lamp,16,0
2024-07-10,P08,LED Desk Lamp,16,0
2024-07-11,P08,LED Desk Lamp,18,0
2024-07-12,P08,LED Desk Lamp,22,0
2024-07-13,P08,LED Desk Lamp,31,0
2024-07-14,P08,LED Desk Lamp,28,0
2024-07-15,P08,LED Desk Lamp,20,0
2024-07-16,P08,LED Desk Lamp,24,1
2024-07-17,P08,LED Desk Lamp,30,1
2024-07-18,P08,LED Desk Lamp,24,1
2024-07-19,P08,LED Desk Lamp,41,1
2024-07-20,P08,LED Desk Lamp,29,0
2024-07-21,P08,LED Desk Lamp,28,0
2024-07-22,P08,LED Desk Lamp,14,0
2024-07-23,P08,LED Desk Lamp,15,0
2024-07-24,P08,LED Desk Lamp,22,0
2024-07-25,P08,LED Desk Lamp,12,0
2024-07-26,P08,LED Desk Lamp,26,0
2024-07-27,P08,LED Desk Lamp,20,0
2024-07-28,P08,LED Desk Lamp,29,0
2024-07-29,P08,LED Desk Lamp,17,0
2024-07-30,P08,LED Desk Lamp,22,0
2024-07-31,P08,LED Desk Lamp,29,0
2024-08-01,P08,LED Desk Lamp,13,0
2024-08-02,P08,LED Desk Lamp,24,0
2024-08-03,P08,LED Desk Lamp,20,0
2024-08-04,P08,LED Desk Lamp,27,0
2024-08-05,P08,LED Desk Lamp,18,0
2024-08-06,P08,LED Desk Lamp,19,0
2024-08-07,P08,LED Desk Lamp,17,0
2024-08-08,P08,LED Desk Lamp,22,0
2024-08-09,P08,LED Desk Lamp,17,0
2024-08-10,P08,LED Desk Lamp,32,0
2024-08-11,P08,LED Desk Lamp,23,0
2024-08-12,P08,LED Desk Lamp,15,0
2024-08-13,P08,LED Desk Lamp,23,0
2024-08-14,P08,LED Desk Lamp,19,0
2024-08-15,P08,LED Desk Lamp,25,0
2024-08-16,P08,LED Desk Lamp,26,0
2024-08-17,P08,LED Desk Lamp,23,0
2024-08-18,P08,LED Desk Lamp,24,0
2024-08-19,P08,LED Desk Lamp,19,0
2024-08-20,P08,LED Desk Lamp,23,0
2024-08-21,P08,LED Desk Lamp,20,0
2024-08-22,P08,LED Desk Lamp,20,0
2024-08-23,P08,LED Desk Lamp,21,0
2024-08-24,P08,LED Desk Lamp,43,1
2024-08-25,P08,LED Desk Lamp,30,1
2024-08-26,P08,LED Desk Lamp,24,1
2024-08-27,P08,LED Desk Lamp,24,1
2024-08-28,P08,LED Desk Lamp,23,0
2024-08-29,P08,LED Desk Lamp,19,0
2024-08-30,P08,LED Desk Lamp,23,0
2024-08-31,P08,LED Desk Lamp,16,0
2024-09-01,P08,LED Desk Lamp,26,0
2024-09-02,P08,LED Desk Lamp,18,0
2024-09-03,P08,LED Desk Lamp,17,0
2024-09-04,P08,LED Desk Lamp,19,0
2024-09-05,P08,LED Desk Lamp,18,0
2024-09-06,P08,LED Desk Lamp,14,0
2024-09-07,P08,LED Desk Lamp,29,0
2024-09-08,P08,LED Desk Lamp,25,0
2024-09-09,P08,LED Desk Lamp,17,0
2024-09-10,P08,LED Desk Lamp,15,0
2024-09-11,P08,LED Desk Lamp,14,0
2024-09-12,P08,LED Desk Lamp,19,0
2024-09-13,P08,LED Desk Lamp,26,0
2024-09-14,P08,LED Desk Lamp,26,0
2024-09-15,P08,LED Desk Lamp,19,0
2024-09-16,P08,LED Desk Lamp,18,0
2024-09-17,P08,LED Desk Lamp,18,0
2024-09-18,P08,LED Desk Lamp,20,0
2024-09-19,P08,LED Desk Lamp,20,0
2024-09-20,P08,LED Desk Lamp,11,0
2024-09-21,P08,LED Desk Lamp,27,0
2024-09-22,P08,LED Desk Lamp,20,0
2024-09-23,P08,LED Desk Lamp,14,0
2024-09-24,P08,LED Desk Lamp,17,0
2024-09-25,P08,LED Desk Lamp,19,0
2024-09-26,P08,LED Desk Lamp,14,0
2024-09-27,P08,LED Desk Lamp,22,0
2024-09-28,P08,LED Desk Lamp,28,0
2024-09-29,P08,LED Desk Lamp,23,0
2024-09-30,P08,LED Desk Lamp,25,1
2024-10-01,P08,LED Desk Lamp,30,1
2024-10-02,P08,LED Desk Lamp,30,0
2024-10-03,P08,LED Desk Lamp,26,0
2024-10-04,P08,LED Desk Lamp,28,0
2024-10-05,P08,LED Desk Lamp,26,0
2024-10-06,P08,LED Desk Lamp,32,0
2024-10-07,P08,LED Desk Lamp,27,0
2024-10-08,P08,LED Desk Lamp,20,0
2024-10-09,P08,LED Desk Lamp,27,0
2024-10-10,P08,LED Desk Lamp,26,0
2024-10-11,P08,LED Desk Lamp,26,0
2024-10-12,P08,LED Desk Lamp,39,0
2024-10-13,P08,LED Desk Lamp,22,0
2024-10-14,P08,LED Desk Lamp,26,0
2024-10-15,P08,LED Desk Lamp,30,0
2024-10-16,P08,LED Desk Lamp,30,0
2024-10-17,P08,LED Desk Lamp,27,0
2024-10-18,P08,LED Desk Lamp,27,0
2024-10-19,P08,LED Desk Lamp,31,0
2024-10-20,P08,LED Desk Lamp,30,0
2024-10-21,P08,LED Desk Lamp,26,0
2024-10-22,P08,LED Desk Lamp,21,0
2024-10-23,P08,LED Desk Lamp,27,0
2024-10-24,P08,LED Desk Lamp,33,0
2024-10-25,P08,LED Desk Lamp,27,0
2024-10-26,P08,LED Desk Lamp,27,0
2024-10-27,P08,LED Desk Lamp,25,0
2024-10-28,P08,LED Desk Lamp,27,0
2024-10-29,P08,LED Desk Lamp,24,0
2024-10-30,P08,LED Desk Lamp,27,0
2024-10-31,P08,LED Desk Lamp,23,0
2024-11-01,P08,LED Desk Lamp,31,0
2024-11-02,P08,LED Desk Lamp,33,0
2024-11-03,P08,LED Desk Lamp,28,0
2024-11-04,P08,LED Desk Lamp,22,0
2024-11-05,P08,LED Desk Lamp,19,0
2024-11-06,P08,LED Desk Lamp,31,0
2024-11-07,P08,LED Desk Lamp,24,0
2024-11-08,P08,LED Desk Lamp,30,0
2024-11-09,P08,LED Desk Lamp,31,0
2024-11-10,P08,LED Desk Lamp,26,0
2024-11-11,P08,LED Desk Lamp,23,0
2024-11-12,P08,LED Desk Lamp,27,0
2024-11-13,P08,LED Desk Lamp,22,0
2024-11-14,P08,LED Desk Lamp,21,0
2024-11-15,P08,LED Desk Lamp,28,0
2024-11-16,P08,LED Desk Lamp,35,0
2024-11-17,P08,LED Desk Lamp,38,0
2024-11-18,P08,LED Desk Lamp,24,0
2024-11-19,P08,LED Desk Lamp,25,0
2024-11-20,P08,LED Desk Lamp,26,0
2024-11-21,P08,LED Desk Lamp,20,0
2024-11-22,P08,LED Desk Lamp,23,0
2024-11-23,P08,LED Desk Lamp,27,0
2024-11-24,P08,LED Desk Lamp,24,0
2024-11-25,P08,LED Desk Lamp,26,0
2024-11-26,P08,LED Desk Lamp,24,0
2024-11-27,P08,LED Desk Lamp,24,0
2024-11-28,P08,LED Desk Lamp,15,0
2024-11-29,P08,LED Desk Lamp,35,0
2024-11-30,P08,LED Desk Lamp,28,0
2024-12-01,P08,LED Desk Lamp,35,0
2024-12-02,P08,LED Desk Lamp,16,0
2024-12-03,P08,LED Desk Lamp,18,0
2024-12-04,P08,LED Desk Lamp,14,0
2024-12-05,P08,LED Desk Lamp,23,0
2024-12-06,P08,LED Desk Lamp,20,0
2024-12-07,P08,LED Desk Lamp,33,1
2024-12-08,P08,LED Desk Lamp,44,1
2024-12-09,P08,LED Desk Lamp,30,1
2024-12-10,P08,LED Desk Lamp,26,1
2024-12-11,P08,LED Desk Lamp,20,0
2024-12-12,P08,LED Desk Lamp,20,0
2024-12-13,P08,LED Desk Lamp,25,0
2024-12-14,P08,LED Desk Lamp,34,0
2024-12-15,P08,LED Desk Lamp,31,0
2024-12-16,P08,LED Desk Lamp,18,0
2024-12-17,P08,LED Desk Lamp,24,0
2024-12-18,P08,LED Desk Lamp,21,0
2024-12-19,P08,LED Desk Lamp,21,0
2024-12-20,P08,LED Desk Lamp,21,0
2024-12-21,P08,LED Desk Lamp,27,0
2024-12-22,P08,LED Desk Lamp,34,0
2024-12-23,P08,LED Desk Lamp,21,0
2024-12-24,P08,LED Desk Lamp,21,0
2024-12-25,P08,LED Desk Lamp,20,0
2024-12-26,P08,LED Desk Lamp,23,0
2024-12-27,P08,LED Desk Lamp,22,0
2024-12-28,P08,LED Desk Lamp,20,0
2024-12-29,P08,LED Desk Lamp,20,0
2024-12-30,P08,LED Desk Lamp,15,0
2024-12-31,P08,LED Desk Lamp,16,0
2025-01-01,P08,LED Desk Lamp,17,0
2025-01-02,P08,LED Desk Lamp,20,0
2025-01-03,P08,LED Desk Lamp,28,1
2025-01-04,P08,LED Desk Lamp,39,1
2025-01-05,P08,LED Desk Lamp,41,1
2025-01-06,P08,LED Desk Lamp,25,1
2025-01-07,P08,LED Desk Lamp,15,0
2025-01-08,P08,LED Desk Lamp,16,0
2025-01-09,P08,LED Desk Lamp,13,0
2025-01-10,P08,LED Desk Lamp,21,0
2025-01-11,P08,LED Desk Lamp,24,0
2025-01-12,P08,LED Desk Lamp,25,0
2025-01-13,P08,LED Desk Lamp,15,0
2025-01-14,P08,LED Desk Lamp,16,0
2025-01-15,P08,LED Desk Lamp,17,0
2025-01-16,P08,LED Desk Lamp,19,0
2025-01-17,P08,LED Desk Lamp,14,0
2025-01-18,P08,LED Desk Lamp,25,0
2025-01-19,P08,LED Desk Lamp,21,0
2025-01-20,P08,LED Desk Lamp,14,0
2025-01-21,P08,LED Desk Lamp,11,0
2025-01-22,P08,LED Desk Lamp,16,0
2025-01-23,P08,LED Desk Lamp,21,0
2025-01-24,P08,LED Desk Lamp,23,0
2025-01-25,P08,LED Desk Lamp,24,0
2025-01-26,P08,LED Desk Lamp,36,1
2025-01-27,P08,LED Desk Lamp,25,1
2025-01-28,P08,LED Desk Lamp,23,1
2025-01-29,P08,LED Desk Lamp,34,1
2025-01-30,P08,LED Desk Lamp,16,0
2025-01-31,P08,LED Desk Lamp,17,0
2025-02-01,P08,LED Desk Lamp,19,0
2025-02-02,P08,LED Desk Lamp,21,0
2025-02-03,P08,LED Desk Lamp,21,0
2025-02-04,P08,LED Desk Lamp,22,0
2025-02-05,P08,LED Desk Lamp,13,0
2025-02-06,P08,LED Desk Lamp,17,0
2025-02-07,P08,LED Desk Lamp,16,0
2025-02-08,P08,LED Desk Lamp,27,0
2025-02-09,P08,LED Desk Lamp,23,0
2025-02-10,P08,LED Desk Lamp,15,0
2025-02-11,P08,LED Desk Lamp,17,0
2025-02-12,P08,LED Desk Lamp,16,0
2025-02-13,P08,LED Desk Lamp,22,0
2025-02-14,P08,LED Desk Lamp,21,0
2025-02-15,P08,LED Desk Lamp,26,0
2025-02-16,P08,LED Desk Lamp,13,0
2025-02-17,P08,LED Desk Lamp,17,0
2025-02-18,P08,LED Desk Lamp,22,0
2025-02-19,P08,LED Desk Lamp,21,0
2025-02-20,P08,LED Desk Lamp,13,0
2025-02-21,P08,LED Desk Lamp,19,0
2025-02-22,P08,LED Desk Lamp,20,0
2025-02-23,P08,LED Desk Lamp,28,0
2025-02-24,P08,LED Desk Lamp,18,0
2025-02-25,P08,LED Desk Lamp,15,0
2025-02-26,P08,LED Desk Lamp,18,0
2025-02-27,P08,LED Desk Lamp,11,0
2025-02-28,P08,LED Desk Lamp,17,0
2025-03-01,P08,LED Desk Lamp,25,0
2025-03-02,P08,LED Desk Lamp,26,0
2025-03-03,P08,LED Desk Lamp,12,0
2025-03-04,P08,LED Desk Lamp,16,0
2025-03-05,P08,LED Desk Lamp,21,0
2025-03-06,P08,LED Desk Lamp,14,0
2025-03-07,P08,LED Desk Lamp,21,0
2025-03-08,P08,LED Desk Lamp,25,0
2025-03-09,P08,LED Desk Lamp,29,0
2025-03-10,P08,LED Desk Lamp,17,0
2025-03-11,P08,LED Desk Lamp,17,0
2025-03-12,P08,LED Desk Lamp,20,0
2025-03-13,P08,LED Desk Lamp,15,0
2025-03-14,P08,LED Desk Lamp,20,0
2025-03-15,P08,LED Desk Lamp,24,0
2025-03-16,P08,LED Desk Lamp,23,0
2025-03-17,P08,LED Desk Lamp,20,0
2025-03-18,P08,LED Desk Lamp,23,1
2025-03-19,P08,LED Desk Lamp,34,1
2025-03-20,P08,LED Desk Lamp,28,1
2025-03-21,P08,LED Desk Lamp,20,0
2025-03-22,P08,LED Desk Lamp,26,0
2025-03-23,P08,LED Desk Lamp,18,0
2025-03-24,P08,LED Desk Lamp,22,0
2025-03-25,P08,LED Desk Lamp,16,0
2025-03-26,P08,LED Desk Lamp,22,0
2025-03-27,P08,LED Desk Lamp,18,0
2025-03-28,P08,LED Desk Lamp,19,0
2025-03-29,P08,LED Desk Lamp,31,0
2025-03-30,P08,LED Desk Lamp,28,0
2025-03-31,P08,LED Desk Lamp,19,0
2025-04-01,P08,LED Desk Lamp,21,0
2025-04-02,P08,LED Desk Lamp,18,0
2025-04-03,P08,LED Desk Lamp,20,0
2025-04-04,P08,LED Desk Lamp,19,0
2025-04-05,P08,LED Desk Lamp,30,0
2025-04-06,P08,LED Desk Lamp,22,0
2025-04-07,P08,LED Desk Lamp,23,0
2025-04-08,P08,LED Desk Lamp,18,0
2025-04-09,P08,LED Desk Lamp,34,1
2025-04-10,P08,LED Desk Lamp,31,1
2025-04-11,P08,LED Desk Lamp,22,0
2025-04-12,P08,LED Desk Lamp,31,0
2025-04-13,P08,LED Desk Lamp,23,0
2025-04-14,P08,LED Desk Lamp,19,0
2025-04-15,P08,LED Desk Lamp,19,0
2025-04-16,P08,LED Desk Lamp,22,0
2025-04-17,P08,LED Desk Lamp,20,0
2025-04-18,P08,LED Desk Lamp,28,0
2025-04-19,P08,LED Desk Lamp,27,0
2025-04-20,P08,LED Desk Lamp,24,0
2025-04-21,P08,LED Desk Lamp,19,0
2025-04-22,P08,LED Desk Lamp,16,0
2025-04-23,P08,LED Desk Lamp,17,0
2025-04-24,P08,LED Desk Lamp,19,0
2025-04-25,P08,LED Desk Lamp,26,0
2025-04-26,P08,LED Desk Lamp,28,0
2025-04-27,P08,LED Desk Lamp,24,0
2025-04-28,P08,LED Desk Lamp,23,0
2025-04-29,P08,LED Desk Lamp,24,0
2025-04-30,P08,LED Desk Lamp,24,0
2025-05-01,P08,LED Desk Lamp,18,0
2025-05-02,P08,LED Desk Lamp,21,0
2025-05-03,P08,LED Desk Lamp,36,0
2025-05-04,P08,LED Desk Lamp,27,0
2025-05-05,P08,LED Desk Lamp,19,0
2025-05-06,P08,LED Desk Lamp,22,0
2025-05-07,P08,LED Desk Lamp,23,0
2025-05-08,P08,LED Desk Lamp,19,0
2025-05-09,P08,LED Desk Lamp,24,0
2025-05-10,P08,LED Desk Lamp,32,0
2025-05-11,P08,LED Desk Lamp,22,0
2025-05-12,P08,LED Desk Lamp,20,0
2025-05-13,P08,LED Desk Lamp,17,0
2025-05-14,P08,LED Desk Lamp,17,0
2025-05-15,P08,LED Desk Lamp,19,0
2025-05-16,P08,LED Desk Lamp,25,0
2025-05-17,P08,LED Desk Lamp,27,0
2025-05-18,P08,LED Desk Lamp,24,0
2025-05-19,P08,LED Desk Lamp,20,0
2025-05-20,P08,LED Desk Lamp,17,0
2025-05-21,P08,LED Desk Lamp,22,0
2025-05-22,P08,LED Desk Lamp,25,0
2025-05-23,P08,LED Desk Lamp,23,0
2025-05-24,P08,LED Desk Lamp,28,0
2025-05-25,P08,LED Desk Lamp,28,0
2025-05-26,P08,LED Desk Lamp,14,0
2025-05-27,P08,LED Desk Lamp,22,0
2025-05-28,P08,LED Desk Lamp,30,0
2025-05-29,P08,LED Desk Lamp,21,0
2025-05-30,P08,LED Desk Lamp,23,0
2025-05-31,P08,LED Desk Lamp,32,0
2025-06-01,P08,LED Desk Lamp,33,0
2025-06-02,P08,LED Desk Lamp,23,0
2025-06-03,P08,LED Desk Lamp,14,0
2025-06-04,P08,LED Desk Lamp,23,0
2025-06-05,P08,LED Desk Lamp,30,0
2025-06-06,P08,LED Desk Lamp,26,0
2025-06-07,P08,LED Desk Lamp,24,0
2025-06-08,P08,LED Desk Lamp,28,0
2025-06-09,P08,LED Desk Lamp,17,0
2025-06-10,P08,LED Desk Lamp,24,0
2025-06-11,P08,LED Desk Lamp,18,0
2025-06-12,P08,LED Desk Lamp,22,0
2025-06-13,P08,LED Desk Lamp,21,0
2025-06-14,P08,LED Desk Lamp,27,0
2025-06-15,P08,LED Desk Lamp,33,0
2025-06-16,P08,LED Desk Lamp,21,0
2025-06-17,P08,LED Desk Lamp,19,0
2025-06-18,P08,LED Desk Lamp,17,0
2025-06-19,P08,LED Desk Lamp,16,0
2025-06-20,P08,LED Desk Lamp,19,0
2025-06-21,P08,LED Desk Lamp,30,0
2025-06-22,P08,LED Desk Lamp,31,0
2025-06-23,P08,LED Desk Lamp,19,0
2025-06-24,P08,LED Desk Lamp,25,0
2025-06-25,P08,LED Desk Lamp,19,0
2025-06-26,P08,LED Desk Lamp,21,0
2025-06-27,P08,LED Desk Lamp,20,0
2025-06-28,P08,LED Desk Lamp,33,0
2025-06-29,P08,LED Desk Lamp,35,0
2025-06-30,P08,LED Desk Lamp,15,0
2025-07-01,P08,LED Desk Lamp,19,0
2025-07-02,P08,LED Desk Lamp,25,0
2025-07-03,P08,LED Desk Lamp,17,0
2025-07-04,P08,LED Desk Lamp,26,0
2025-07-05,P08,LED Desk Lamp,34,0
2025-07-06,P08,LED Desk Lamp,27,0
2025-07-07,P08,LED Desk Lamp,22,0
2025-07-08,P08,LED Desk Lamp,26,0
2025-07-09,P08,LED Desk Lamp,27,0
2025-07-10,P08,LED Desk Lamp,21,0
2025-07-11,P08,LED Desk Lamp,22,0
2025-07-12,P08,LED Desk Lamp,25,0
2025-07-13,P08,LED Desk Lamp,31,0
2025-07-14,P08,LED Desk Lamp,16,0
2025-07-15,P08,LED Desk Lamp,20,0
2025-07-16,P08,LED Desk Lamp,21,0
2025-07-17,P08,LED Desk Lamp,20,0
2025-07-18,P08,LED Desk Lamp,25,0
2025-07-19,P08,LED Desk Lamp,40,0
2025-07-20,P08,LED Desk Lamp,26,0
2025-07-21,P08,LED Desk Lamp,19,0
2025-07-22,P08,LED Desk Lamp,23,0
2025-07-23,P08,LED Desk Lamp,21,0
2025-07-24,P08,LED Desk Lamp,26,0
2025-07-25,P08,LED Desk Lamp,24,0
2025-07-26,P08,LED Desk Lamp,28,0
2025-07-27,P08,LED Desk Lamp,19,0
2025-07-28,P08,LED Desk Lamp,15,0
2025-07-29,P08,LED Desk Lamp,15,0
2025-07-30,P08,LED Desk Lamp,22,0
2025-07-31,P08,LED Desk Lamp,17,0
2025-08-01,P08,LED Desk Lamp,28,0
2025-08-02,P08,LED Desk Lamp,29,0
2025-08-03,P08,LED Desk Lamp,25,0
2025-08-04,P08,LED Desk Lamp,17,0
2025-08-05,P08,LED Desk Lamp,29,1
2025-08-06,P08,LED Desk Lamp,37,1
2025-08-07,P08,LED Desk Lamp,22,0
2025-08-08,P08,LED Desk Lamp,22,0
2025-08-09,P08,LED Desk Lamp,31,0
2025-08-10,P08,LED Desk Lamp,26,0
2025-08-11,P08,LED Desk Lamp,21,0
2025-08-12,P08,LED Desk Lamp,17,0
2025-08-13,P08,LED Desk Lamp,26,0
2025-08-14,P08,LED Desk Lamp,19,0
2025-08-15,P08,LED Desk Lamp,28,0
2025-08-16,P08,LED Desk Lamp,27,0
2025-08-17,P08,LED Desk Lamp,29,0
2025-08-18,P08,LED Desk Lamp,22,0
2025-08-19,P08,LED Desk Lamp,23,0
2025-08-20,P08,LED Desk Lamp,17,0
2025-08-21,P08,LED Desk Lamp,24,0
2025-08-22,P08,LED Desk Lamp,29,0
2025-08-23,P08,LED Desk Lamp,27,0
2025-08-24,P08,LED Desk Lamp,26,0
2025-08-25,P08,LED Desk Lamp,18,0
2025-08-26,P08,LED Desk Lamp,18,0
2025-08-27,P08,LED Desk Lamp,25,0
2025-08-28,P08,LED Desk Lamp,17,0
2025-08-29,P08,LED Desk Lamp,19,0
2025-08-30,P08,LED Desk Lamp,34,0
2025-08-31,P08,LED Desk Lamp,28,0
2025-09-01,P08,LED Desk Lamp,25,0
2025-09-02,P08,LED Desk Lamp,18,0
2025-09-03,P08,LED Desk Lamp,20,0
2025-09-04,P08,LED Desk Lamp,18,0
2025-09-05,P08,LED Desk Lamp,23,0
2025-09-06,P08,LED Desk Lamp,20,0
2025-09-07,P08,LED Desk Lamp,28,0
2025-09-08,P08,LED Desk Lamp,20,0
2025-09-09,P08,LED Desk Lamp,19,0
2025-09-10,P08,LED Desk Lamp,18,0
2025-09-11,P08,LED Desk Lamp,17,0
2025-09-12,P08,LED Desk Lamp,24,0
2025-09-13,P08,LED Desk Lamp,22,0
2025-09-14,P08,LED Desk Lamp,27,0
2025-09-15,P08,LED Desk Lamp,25,0
2025-09-16,P08,LED Desk Lamp,23,0
2025-09-17,P08,LED Desk Lamp,15,0
2025-09-18,P08,LED Desk Lamp,28,1
2025-09-19,P08,LED Desk Lamp,25,1
2025-09-20,P08,LED Desk Lamp,36,1
2025-09-21,P08,LED Desk Lamp,33,1
2025-09-22,P08,LED Desk Lamp,22,0
2025-09-23,P08,LED Desk Lamp,15,0
2025-09-24,P08,LED Desk Lamp,16,0
2025-09-25,P08,LED Desk Lamp,21,0
2025-09-26,P08,LED Desk Lamp,25,0
2025-09-27,P08,LED Desk Lamp,22,0
2025-09-28,P08,LED Desk Lamp,29,1
2025-09-29,P08,LED Desk Lamp,34,1
2025-09-30,P08,LED Desk Lamp,26,1
2025-10-01,P08,LED Desk Lamp,22,0
2025-10-02,P08,LED Desk Lamp,25,0
2025-10-03,P08,LED Desk Lamp,38,0
2025-10-04,P08,LED Desk Lamp,38,0
2025-10-05,P08,LED Desk Lamp,29,0
2025-10-06,P08,LED Desk Lamp,25,0
2025-10-07,P08,LED Desk Lamp,20,0
2025-10-08,P08,LED Desk Lamp,22,0
2025-10-09,P08,LED Desk Lamp,33,0
2025-10-10,P08,LED Desk Lamp,29,0
2025-10-11,P08,LED Desk Lamp,47,0
2025-10-12,P08,LED Desk Lamp,47,1
2025-10-13,P08,LED Desk Lamp,26,1
2025-10-14,P08,LED Desk Lamp,38,1
2025-10-15,P08,LED Desk Lamp,32,0
2025-10-16,P08,LED Desk Lamp,31,0
2025-10-17,P08,LED Desk Lamp,24,0
2025-10-18,P08,LED Desk Lamp,43,0
2025-10-19,P08,LED Desk Lamp,32,0
2025-10-20,P08,LED Desk Lamp,22,0
2025-10-21,P08,LED Desk Lamp,26,0
2025-10-22,P08,LED Desk Lamp,25,0
2025-10-23,P08,LED Desk Lamp,33,0
2025-10-24,P08,LED Desk Lamp,31,0
2025-10-25,P08,LED Desk Lamp,37,0
2025-10-26,P08,LED Desk Lamp,37,0
2025-10-27,P08,LED Desk Lamp,29,0
2025-10-28,P08,LED Desk Lamp,28,0
2025-10-29,P08,LED Desk Lamp,31,0
2025-10-30,P08,LED Desk Lamp,29,0
2025-10-31,P08,LED Desk Lamp,30,0
2025-11-01,P08,LED Desk Lamp,42,0
2025-11-02,P08,LED Desk Lamp,32,0
2025-11-03,P08,LED Desk Lamp,25,0
2025-11-04,P08,LED Desk Lamp,31,0
2025-11-05,P08,LED Desk Lamp,31,0
2025-11-06,P08,LED Desk Lamp,26,0
2025-11-07,P08,LED Desk Lamp,27,0
2025-11-08,P08,LED Desk Lamp,43,0
2025-11-09,P08,LED Desk Lamp,36,0
2025-11-10,P08,LED Desk Lamp,26,0
2025-11-11,P08,LED Desk Lamp,23,0
2025-11-12,P08,LED Desk Lamp,35,1
2025-11-13,P08,LED Desk Lamp,39,1
2025-11-14,P08,LED Desk Lamp,44,1
2025-11-15,P08,LED Desk Lamp,39,0
2025-11-16,P08,LED Desk Lamp,38,0
2025-11-17,P08,LED Desk Lamp,28,0
2025-11-18,P08,LED Desk Lamp,23,0
2025-11-19,P08,LED Desk Lamp,28,0
2025-11-20,P08,LED Desk Lamp,26,0
2025-11-21,P08,LED Desk Lamp,23,0
2025-11-22,P08,LED Desk Lamp,38,0
2025-11-23,P08,LED Desk Lamp,33,0
2025-11-24,P08,LED Desk Lamp,34,0
2025-11-25,P08,LED Desk Lamp,29,0
2025-11-26,P08,LED Desk Lamp,27,0
2025-11-27,P08,LED Desk Lamp,26,0
2025-11-28,P08,LED Desk Lamp,29,0
2025-11-29,P08,LED Desk Lamp,29,0
2025-11-30,P08,LED Desk Lamp,23,0
2025-12-01,P08,LED Desk Lamp,19,0
2025-12-02,P08,LED Desk Lamp,21,0
2025-12-03,P08,LED Desk Lamp,15,0
2025-12-04,P08,LED Desk Lamp,21,0
2025-12-05,P08,LED Desk Lamp,24,0
2025-12-06,P08,LED Desk Lamp,30,0
2025-12-07,P08,LED Desk Lamp,25,0
2025-12-08,P08,LED Desk Lamp,20,0
2025-12-09,P08,LED Desk Lamp,27,0
2025-12-10,P08,LED Desk Lamp,24,0
2025-12-11,P08,LED Desk Lamp,21,0
2025-12-12,P08,LED Desk Lamp,25,0
2025-12-13,P08,LED Desk Lamp,30,0
2025-12-14,P08,LED Desk Lamp,25,0
2025-12-15,P08,LED Desk Lamp,19,0
2025-12-16,P08,LED Desk Lamp,25,0
2025-12-17,P08,LED Desk Lamp,21,0
2025-12-18,P08,LED Desk Lamp,19,0
2025-12-19,P08,LED Desk Lamp,25,0
2025-12-20,P08,LED Desk Lamp,29,1
2025-12-21,P08,LED Desk Lamp,45,1
2025-12-22,P08,LED Desk Lamp,46,1
2025-12-23,P08,LED Desk Lamp,36,1
2025-12-24,P08,LED Desk Lamp,31,0
2025-12-25,P08,LED Desk Lamp,25,0
2025-12-26,P08,LED Desk Lamp,20,0
2025-12-27,P08,LED Desk Lamp,27,0
2025-12-28,P08,LED Desk Lamp,20,0
2025-12-29,P08,LED Desk Lamp,17,0
2025-12-30,P08,LED Desk Lamp,15,0
2024-01-01,P09,Phone Case,58,0
2024-01-02,P09,Phone Case,66,0
2024-01-03,P09,Phone Case,66,0
2024-01-04,P09,Phone Case,58,0
2024-01-05,P09,Phone Case,85,0
2024-01-06,P09,Phone Case,91,0
2024-01-07,P09,Phone Case,87,0
2024-01-08,P09,Phone Case,56,0
2024-01-09,P09,Phone Case,59,0
2024-01-10,P09,Phone Case,60,0
2024-01-11,P09,Phone Case,75,0
2024-01-12,P09,Phone Case,45,0
2024-01-13,P09,Phone Case,75,0
2024-01-14,P09,Phone Case,78,0
2024-01-15,P09,Phone Case,52,0
2024-01-16,P09,Phone Case,58,0
2024-01-17,P09,Phone Case,60,0
2024-01-18,P09,Phone Case,58,0
2024-01-19,P09,Phone Case,70,0
2024-01-20,P09,Phone Case,122,1
2024-01-21,P09,Phone Case,102,1
2024-01-22,P09,Phone Case,76,1
2024-01-23,P09,Phone Case,92,1
2024-01-24,P09,Phone Case,71,0
2024-01-25,P09,Phone Case,68,0
2024-01-26,P09,Phone Case,82,1
2024-01-27,P09,Phone Case,96,1
2024-01-28,P09,Phone Case,148,1
2024-01-29,P09,Phone Case,81,1
2024-01-30,P09,Phone Case,80,1
2024-01-31,P09,Phone Case,66,1
2024-02-01,P09,Phone Case,105,1
2024-02-02,P09,Phone Case,54,0
2024-02-03,P09,Phone Case,82,0
2024-02-04,P09,Phone Case,82,0
2024-02-05,P09,Phone Case,65,0
2024-02-06,P09,Phone Case,61,0
2024-02-07,P09,Phone Case,60,0
2024-02-08,P09,Phone Case,72,0
2024-02-09,P09,Phone Case,74,0
2024-02-10,P09,Phone Case,81,0
2024-02-11,P09,Phone Case,82,0
2024-02-12,P09,Phone Case,65,0
2024-02-13,P09,Phone Case,75,0
2024-02-14,P09,Phone Case,70,0
2024-02-15,P09,Phone Case,76,0
2024-02-16,P09,Phone Case,67,0
2024-02-17,P09,Phone Case,84,0
2024-02-18,P09,Phone Case,81,0
2024-02-19,P09,Phone Case,62,0
2024-02-20,P09,Phone Case,56,0
2024-02-21,P09,Phone Case,75,0
2024-02-22,P09,Phone Case,74,0
2024-02-23,P09,Phone Case,71,0
2024-02-24,P09,Phone Case,98,0
2024-02-25,P09,Phone Case,87,0
2024-02-26,P09,Phone Case,70,0
2024-02-27,P09,Phone Case,54,0
2024-02-28,P09,Phone Case,65,0
2024-02-29,P09,Phone Case,68,0
2024-03-01,P09,Phone Case,81,0
2024-03-02,P09,Phone Case,85,0
2024-03-03,P09,Phone Case,60,0
2024-03-04,P09,Phone Case,57,0
2024-03-05,P09,Phone Case,65,0
2024-03-06,P09,Phone Case,67,0
2024-03-07,P09,Phone Case,83,0
2024-03-08,P09,Phone Case,82,0
2024-03-09,P09,Phone Case,95,0
2024-03-10,P09,Phone Case,87,0
2024-03-11,P09,Phone Case,75,0
2024-03-12,P09,Phone Case,104,1
2024-03-13,P09,Phone Case,130,1
2024-03-14,P09,Phone Case,74,0
2024-03-15,P09,Phone Case,71,0
2024-03-16,P09,Phone Case,94,0
2024-03-17,P09,Phone Case,94,0
2024-03-18,P09,Phone Case,65,0
2024-03-19,P09,Phone Case,63,0
2024-03-20,P09,Phone Case,64,0
2024-03-21,P09,Phone Case,74,0
2024-03-22,P09,Phone Case,75,0
2024-03-23,P09,Phone Case,92,0
2024-03-24,P09,Phone Case,76,0
2024-03-25,P09,Phone Case,69,0
2024-03-26,P09,Phone Case,67,0
2024-03-27,P09,Phone Case,68,0
2024-03-28,P09,Phone Case,74,0
2024-03-29,P09,Phone Case,87,0
2024-03-30,P09,Phone Case,107,0
2024-03-31,P09,Phone Case,97,0
2024-04-01,P09,Phone Case,68,0
2024-04-02,P09,Phone Case,65,0
2024-04-03,P09,Phone Case,62,0
2024-04-04,P09,Phone Case,68,0
2024-04-05,P09,Phone Case,81,0
2024-04-06,P09,Phone Case,91,0
2024-04-07,P09,Phone Case,94,0
2024-04-08,P09,Phone Case,62,0
2024-04-09,P09,Phone Case,57,0
2024-04-10,P09,Phone Case,80,0
2024-04-11,P09,Phone Case,105,1
2024-04-12,P09,Phone Case,130,1
2024-04-13,P09,Phone Case,148,1
2024-04-14,P09,Phone Case,139,1
2024-04-15,P09,Phone Case,56,0
2024-04-16,P09,Phone Case,89,0
2024-04-17,P09,Phone Case,95,0
2024-04-18,P09,Phone Case,51,0
2024-04-19,P09,Phone Case,83,0
2024-04-20,P09,Phone Case,94,0
2024-04-21,P09,Phone Case,92,0
2024-04-22,P09,Phone Case,69,0
2024-04-23,P09,Phone Case,80,0
2024-04-24,P09,Phone Case,73,0
2024-04-25,P09,Phone Case,68,0
2024-04-26,P09,Phone Case,83,0
2024-04-27,P09,Phone Case,111,0
2024-04-28,P09,Phone Case,83,0
2024-04-29,P09,Phone Case,59,0
2024-04-30,P09,Phone Case,91,0
2024-05-01,P09,Phone Case,70,0
2024-05-02,P09,Phone Case,77,0
2024-05-03,P09,Phone Case,82,0
2024-05-04,P09,Phone Case,112,0
2024-05-05,P09,Phone Case,119,0
2024-05-06,P09,Phone Case,80,0
2024-05-07,P09,Phone Case,61,0
2024-05-08,P09,Phone Case,64,0
2024-05-09,P09,Phone Case,75,0
2024-05-10,P09,Phone Case,84,0
2024-05-11,P09,Phone Case,84,0
2024-05-12,P09,Phone Case,108,0
2024-05-13,P09,Phone Case,65,0
2024-05-14,P09,Phone Case,89,0
2024-05-15,P09,Phone Case,94,0
2024-05-16,P09,Phone Case,77,0
2024-05-17,P09,Phone Case,92,0
2024-05-18,P09,Phone Case,92,0
2024-05-19,P09,Phone Case,107,0
2024-05-20,P09,Phone Case,71,0
2024-05-21,P09,Phone Case,66,0
2024-05-22,P09,Phone Case,75,0
2024-05-23,P09,Phone Case,76,0
2024-05-24,P09,Phone Case,85,0
2024-05-25,P09,Phone Case,121,0
2024-05-26,P09,Phone Case,91,0
2024-05-27,P09,Phone Case,92,0
2024-05-28,P09,Phone Case,64,0
2024-05-29,P09,Phone Case,93,0
2024-05-30,P09,Phone Case,71,0
2024-05-31,P09,Phone Case,89,0
2024-06-01,P09,Phone Case,103,0
2024-06-02,P09,Phone Case,97,0
2024-06-03,P09,Phone Case,84,0
2024-06-04,P09,Phone Case,91,0
2024-06-05,P09,Phone Case,90,0
2024-06-06,P09,Phone Case,77,0
2024-06-07,P09,Phone Case,91,0
2024-06-08,P09,Phone Case,99,0
2024-06-09,P09,Phone Case,89,0
2024-06-10,P09,Phone Case,123,1
2024-06-11,P09,Phone Case,84,1
2024-06-12,P09,Phone Case,78,0
2024-06-13,P09,Phone Case,96,0
2024-06-14,P09,Phone Case,102,0
2024-06-15,P09,Phone Case,102,0
2024-06-16,P09,Phone Case,85,0
2024-06-17,P09,Phone Case,82,0
2024-06-18,P09,Phone Case,56,0
2024-06-19,P09,Phone Case,90,0
2024-06-20,P09,Phone Case,79,0
2024-06-21,P09,Phone Case,109,0
2024-06-22,P09,Phone Case,87,0
2024-06-23,P09,Phone Case,113,0
2024-06-24,P09,Phone Case,77,0
2024-06-25,P09,Phone Case,74,0
2024-06-26,P09,Phone Case,66,0
2024-06-27,P09,Phone Case,87,0
2024-06-28,P09,Phone Case,97,0
2024-06-29,P09,Phone Case,134,0
2024-06-30,P09,Phone Case,114,0
2024-07-01,P09,Phone Case,72,0
2024-07-02,P09,Phone Case,68,0
2024-07-03,P09,Phone Case,66,0
2024-07-04,P09,Phone Case,96,0
2024-07-05,P09,Phone Case,81,0
2024-07-06,P09,Phone Case,130,0
2024-07-07,P09,Phone Case,108,0
2024-07-08,P09,Phone Case,80,0
2024-07-09,P09,Phone Case,74,0
2024-07-10,P09,Phone Case,85,0
2024-07-11,P09,Phone Case,81,0
2024-07-12,P09,Phone Case,85,0
2024-07-13,P09,Phone Case,119,0
2024-07-14,P09,Phone Case,100,0
2024-07-15,P09,Phone Case,70,0
2024-07-16,P09,Phone Case,83,0
2024-07-17,P09,Phone Case,78,0
2024-07-18,P09,Phone Case,86,0
2024-07-19,P09,Phone Case,84,0
2024-07-20,P09,Phone Case,93,0
2024-07-21,P09,Phone Case,122,0
2024-07-22,P09,Phone Case,91,0
2024-07-23,P09,Phone Case,85,0
2024-07-24,P09,Phone Case,75,0
2024-07-25,P09,Phone Case,78,0
2024-07-26,P09,Phone Case,103,0
2024-07-27,P09,Phone Case,104,0
2024-07-28,P09,Phone Case,93,0
2024-07-29,P09,Phone Case,93,0
2024-07-30,P09,Phone Case,76,0
2024-07-31,P09,Phone Case,94,0
2024-08-01,P09,Phone Case,67,0
2024-08-02,P09,Phone Case,93,0
2024-08-03,P09,Phone Case,135,0
2024-08-04,P09,Phone Case,100,0
2024-08-05,P09,Phone Case,73,0
2024-08-06,P09,Phone Case,65,0
2024-08-07,P09,Phone Case,87,0
2024-08-08,P09,Phone Case,72,0
2024-08-09,P09,Phone Case,86,0
2024-08-10,P09,Phone Case,91,0
2024-08-11,P09,Phone Case,117,0
2024-08-12,P09,Phone Case,85,0
2024-08-13,P09,Phone Case,75,0
2024-08-14,P09,Phone Case,66,0
2024-08-15,P09,Phone Case,93,0
2024-08-16,P09,Phone Case,83,0
2024-08-17,P09,Phone Case,92,0
2024-08-18,P09,Phone Case,131,1
2024-08-19,P09,Phone Case,99,1
2024-08-20,P09,Phone Case,108,1
2024-08-21,P09,Phone Case,79,0
2024-08-22,P09,Phone Case,71,0
2024-08-23,P09,Phone Case,86,0
2024-08-24,P09,Phone Case,129,0
2024-08-25,P09,Phone Case,93,0
2024-08-26,P09,Phone Case,77,0
2024-08-27,P09,Phone Case,60,0
2024-08-28,P09,Phone Case,88,0
2024-08-29,P09,Phone Case,73,0
2024-08-30,P09,Phone Case,95,0
2024-08-31,P09,Phone Case,102,0
2024-09-01,P09,Phone Case,103,0
2024-09-02,P09,Phone Case,79,0
2024-09-03,P09,Phone Case,69,0
2024-09-04,P09,Phone Case,84,0
2024-09-05,P09,Phone Case,69,0
2024-09-06,P09,Phone Case,91,0
2024-09-07,P09,Phone Case,98,0
2024-09-08,P09,Phone Case,99,0
2024-09-09,P09,Phone Case,68,0
2024-09-10,P09,Phone Case,72,0
2024-09-11,P09,Phone Case,64,0
2024-09-12,P09,Phone Case,100,1
2024-09-13,P09,Phone Case,108,1
2024-09-14,P09,Phone Case,131,1
2024-09-15,P09,Phone Case,92,0
2024-09-16,P09,Phone Case,62,0
2024-09-17,P09,Phone Case,91,0
2024-09-18,P09,Phone Case,81,0
2024-09-19,P09,Phone Case,77,0
2024-09-20,P09,Phone Case,93,0
2024-09-21,P09,Phone Case,76,0
2024-09-22,P09,Phone Case,64,0
2024-09-23,P09,Phone Case,67,0
2024-09-24,P09,Phone Case,58,0
2024-09-25,P09,Phone Case,69,0
2024-09-26,P09,Phone Case,75,0
2024-09-27,P09,Phone Case,89,0
2024-09-28,P09,Phone Case,85,0
2024-09-29,P09,Phone Case,95,0
2024-09-30,P09,Phone Case,69,0
2024-10-01,P09,Phone Case,104,0
2024-10-02,P09,Phone Case,96,0
2024-10-03,P09,Phone Case,122,0
2024-10-04,P09,Phone Case,114,0
2024-10-05,P09,Phone Case,171,0
2024-10-06,P09,Phone Case,118,0
2024-10-07,P09,Phone Case,108,0
2024-10-08,P09,Phone Case,98,0
2024-10-09,P09,Phone Case,97,0
2024-10-10,P09,Phone Case,111,0
2024-10-11,P09,Phone Case,110,0
2024-10-12,P09,Phone Case,95,0
2024-10-13,P09,Phone Case,81,0
2024-10-14,P09,Phone Case,113,0
2024-10-15,P09,Phone Case,112,0
2024-10-16,P09,Phone Case,122,0
2024-10-17,P09,Phone Case,102,0
2024-10-18,P09,Phone Case,95,0
2024-10-19,P09,Phone Case,131,0
2024-10-20,P09,Phone Case,127,0
2024-10-21,P09,Phone Case,85,0
2024-10-22,P09,Phone Case,115,0
2024-10-23,P09,Phone Case,125,0
2024-10-24,P09,Phone Case,107,0
2024-10-25,P09,Phone Case,111,0
2024-10-26,P09,Phone Case,115,0
2024-10-27,P09,Phone Case,149,0
2024-10-28,P09,Phone Case,96,0
2024-10-29,P09,Phone Case,92,0
2024-10-30,P09,Phone Case,103,0
2024-10-31,P09,Phone Case,93,0
2024-11-01,P09,Phone Case,112,0
2024-11-02,P09,Phone Case,111,0
2024-11-03,P09,Phone Case,141,0
2024-11-04,P09,Phone Case,93,0
2024-11-05,P09,Phone Case,107,0
2024-11-06,P09,Phone Case,94,0
2024-11-07,P09,Phone Case,97,0
2024-11-08,P09,Phone Case,93,0
2024-11-09,P09,Phone Case,146,0
2024-11-10,P09,Phone Case,110,0
2024-11-11,P09,Phone Case,88,0
2024-11-12,P09,Phone Case,94,0
2024-11-13,P09,Phone Case,97,0
2024-11-14,P09,Phone Case,78,0
2024-11-15,P09,Phone Case,105,0
2024-11-16,P09,Phone Case,145,0
2024-11-17,P09,Phone Case,117,0
2024-11-18,P09,Phone Case,90,0
2024-11-19,P09,Phone Case,95,0
2024-11-20,P09,Phone Case,93,0
2024-11-21,P09,Phone Case,85,0
2024-11-22,P09,Phone Case,174,1
2024-11-23,P09,Phone Case,199,1
2024-11-24,P09,Phone Case,101,0
2024-11-25,P09,Phone Case,103,0
2024-11-26,P09,Phone Case,91,0
2024-11-27,P09,Phone Case,85,0
2024-11-28,P09,Phone Case,98,0
2024-11-29,P09,Phone Case,91,0
2024-11-30,P09,Phone Case,115,0
2024-12-01,P09,Phone Case,90,0
2024-12-02,P09,Phone Case,72,0
2024-12-03,P09,Phone Case,96,0
2024-12-04,P09,Phone Case,77,0
2024-12-05,P09,Phone Case,92,0
2024-12-06,P09,Phone Case,86,0
2024-12-07,P09,Phone Case,128,0
2024-12-08,P09,Phone Case,95,0
2024-12-09,P09,Phone Case,83,0
2024-12-10,P09,Phone Case,83,0
2024-12-11,P09,Phone Case,108,0
2024-12-12,P09,Phone Case,93,0
2024-12-13,P09,Phone Case,89,0
2024-12-14,P09,Phone Case,127,0
2024-12-15,P09,Phone Case,136,0
2024-12-16,P09,Phone Case,66,0
2024-12-17,P09,Phone Case,74,0
2024-12-18,P09,Phone Case,82,0
2024-12-19,P09,Phone Case,82,0
2024-12-20,P09,Phone Case,113,1
2024-12-21,P09,Phone Case,139,1
2024-12-22,P09,Phone Case,106,0
2024-12-23,P09,Phone Case,93,0
2024-12-24,P09,Phone Case,82,0
2024-12-25,P09,Phone Case,74,0
2024-12-26,P09,Phone Case,56,0
2024-12-27,P09,Phone Case,72,0
2024-12-28,P09,Phone Case,82,0
2024-12-29,P09,Phone Case,86,0
2024-12-30,P09,Phone Case,53,0
2024-12-31,P09,Phone Case,70,0
2025-01-01,P09,Phone Case,76,0
2025-01-02,P09,Phone Case,79,0
2025-01-03,P09,Phone Case,100,0
2025-01-04,P09,Phone Case,99,0
2025-01-05,P09,Phone Case,88,0
2025-01-06,P09,Phone Case,60,0
2025-01-07,P09,Phone Case,63,0
2025-01-08,P09,Phone Case,65,0
2025-01-09,P09,Phone Case,61,0
2025-01-10,P09,Phone Case,56,0
2025-01-11,P09,Phone Case,85,0
2025-01-12,P09,Phone Case,88,0
2025-01-13,P09,Phone Case,65,0
2025-01-14,P09,Phone Case,74,0
2025-01-15,P09,Phone Case,81,0
2025-01-16,P09,Phone Case,74,0
2025-01-17,P09,Phone Case,87,0
2025-01-18,P09,Phone Case,101,0
2025-01-19,P09,Phone Case,103,0
2025-01-20,P09,Phone Case,79,0
2025-01-21,P09,Phone Case,73,0
2025-01-22,P09,Phone Case,72,0
2025-01-23,P09,Phone Case,67,0
2025-01-24,P09,Phone Case,75,0
2025-01-25,P09,Phone Case,89,0
2025-01-26,P09,Phone Case,93,0
2025-01-27,P09,Phone Case,101,1
2025-01-28,P09,Phone Case,111,1
2025-01-29,P09,Phone Case,97,1
2025-01-30,P09,Phone Case,82,0
2025-01-31,P09,Phone Case,79,0
2025-02-01,P09,Phone Case,110,0
2025-02-02,P09,Phone Case,74,0
2025-02-03,P09,Phone Case,86,0
2025-02-04,P09,Phone Case,75,0
2025-02-05,P09,Phone Case,70,0
2025-02-06,P09,Phone Case,82,0
2025-02-07,P09,Phone Case,67,0
2025-02-08,P09,Phone Case,92,0
2025-02-09,P09,Phone Case,104,0
2025-02-10,P09,Phone Case,52,0
2025-02-11,P09,Phone Case,72,0
2025-02-12,P09,Phone Case,73,0
2025-02-13,P09,Phone Case,88,0
2025-02-14,P09,Phone Case,64,0
2025-02-15,P09,Phone Case,115,0
2025-02-16,P09,Phone Case,84,0
2025-02-17,P09,Phone Case,65,0
2025-02-18,P09,Phone Case,58,0
2025-02-19,P09,Phone Case,61,0
2025-02-20,P09,Phone Case,76,0
2025-02-21,P09,Phone Case,69,0
2025-02-22,P09,Phone Case,107,0
2025-02-23,P09,Phone Case,114,1
2025-02-24,P09,Phone Case,99,1
2025-02-25,P09,Phone Case,91,1
2025-02-26,P09,Phone Case,77,0
2025-02-27,P09,Phone Case,83,0
2025-02-28,P09,Phone Case,78,0
2025-03-01,P09,Phone Case,87,0
2025-03-02,P09,Phone Case,127,1
2025-03-03,P09,Phone Case,106,1
2025-03-04,P09,Phone Case,98,1
2025-03-05,P09,Phone Case,116,1
2025-03-06,P09,Phone Case,60,0
2025-03-07,P09,Phone Case,67,0
2025-03-08,P09,Phone Case,97,0
2025-03-09,P09,Phone Case,92,0
2025-03-10,P09,Phone Case,59,0
2025-03-11,P09,Phone Case,67,0
2025-03-12,P09,Phone Case,70,0
2025-03-13,P09,Phone Case,72,0
2025-03-14,P09,Phone Case,85,0
2025-03-15,P09,Phone Case,95,0
2025-03-16,P09,Phone Case,112,0
2025-03-17,P09,Phone Case,77,0
2025-03-18,P09,Phone Case,66,0
2025-03-19,P09,Phone Case,75,0
2025-03-20,P09,Phone Case,78,0
2025-03-21,P09,Phone Case,97,0
2025-03-22,P09,Phone Case,97,0
2025-03-23,P09,Phone Case,106,0
2025-03-24,P09,Phone Case,74,0
2025-03-25,P09,Phone Case,87,0
2025-03-26,P09,Phone Case,88,0
2025-03-27,P09,Phone Case,80,0
2025-03-28,P09,Phone Case,84,0
2025-03-29,P09,Phone Case,113,0
2025-03-30,P09,Phone Case,96,0
2025-03-31,P09,Phone Case,90,0
2025-04-01,P09,Phone Case,76,0
2025-04-02,P09,Phone Case,73,0
2025-04-03,P09,Phone Case,75,0
2025-04-04,P09,Phone Case,75,0
2025-04-05,P09,Phone Case,158,1
2025-04-06,P09,Phone Case,133,1
2025-04-07,P09,Phone Case,77,0
2025-04-08,P09,Phone Case,87,0
2025-04-09,P09,Phone Case,58,0
2025-04-10,P09,Phone Case,100,0
2025-04-11,P09,Phone Case,84,0
2025-04-12,P09,Phone Case,111,0
2025-04-13,P09,Phone Case,109,0
2025-04-14,P09,Phone Case,84,0
2025-04-15,P09,Phone Case,80,0
2025-04-16,P09,Phone Case,89,0
2025-04-17,P09,Phone Case,137,1
2025-04-18,P09,Phone Case,159,1
2025-04-19,P09,Phone Case,123,0
2025-04-20,P09,Phone Case,81,0
2025-04-21,P09,Phone Case,103,0
2025-04-22,P09,Phone Case,73,0
2025-04-23,P09,Phone Case,95,0
2025-04-24,P09,Phone Case,83,0
2025-04-25,P09,Phone Case,103,0
2025-04-26,P09,Phone Case,103,0
2025-04-27,P09,Phone Case,112,0
2025-04-28,P09,Phone Case,77,0
2025-04-29,P09,Phone Case,95,0
2025-04-30,P09,Phone Case,86,0
2025-05-01,P09,Phone Case,93,0
2025-05-02,P09,Phone Case,69,0
2025-05-03,P09,Phone Case,113,0
2025-05-04,P09,Phone Case,111,0
2025-05-05,P09,Phone Case,82,0
2025-05-06,P09,Phone Case,90,0
2025-05-07,P09,Phone Case,79,0
2025-05-08,P09,Phone Case,85,0
2025-05-09,P09,Phone Case,107,0
2025-05-10,P09,Phone Case,84,0
2025-05-11,P09,Phone Case,114,0
2025-05-12,P09,Phone Case,78,0
2025-05-13,P09,Phone Case,72,0
2025-05-14,P09,Phone Case,86,0
2025-05-15,P09,Phone Case,98,0
2025-05-16,P09,Phone Case,106,0
2025-05-17,P09,Phone Case,114,0
2025-05-18,P09,Phone Case,119,0
2025-05-19,P09,Phone Case,90,0
2025-05-20,P09,Phone Case,81,0
2025-05-21,P09,Phone Case,77,0
2025-05-22,P09,Phone Case,80,0
2025-05-23,P09,Phone Case,105,0
2025-05-24,P09,Phone Case,116,0
2025-05-25,P09,Phone Case,95,0
2025-05-26,P09,Phone Case,66,0
2025-05-27,P09,Phone Case,91,0
2025-05-28,P09,Phone Case,79,0
2025-05-29,P09,Phone Case,91,0
2025-05-30,P09,Phone Case,110,0
2025-05-31,P09,Phone Case,99,0
2025-06-01,P09,Phone Case,109,0
2025-06-02,P09,Phone Case,81,0
2025-06-03,P09,Phone Case,87,0
2025-06-04,P09,Phone Case,98,0
2025-06-05,P09,Phone Case,74,0
2025-06-06,P09,Phone Case,103,0
2025-06-07,P09,Phone Case,133,0
2025-06-08,P09,Phone Case,107,0
2025-06-09,P09,Phone Case,82,0
2025-06-10,P09,Phone Case,88,0
2025-06-11,P09,Phone Case,89,0
2025-06-12,P09,Phone Case,94,0
2025-06-13,P09,Phone Case,103,0
2025-06-14,P09,Phone Case,105,0
2025-06-15,P09,Phone Case,123,0
2025-06-16,P09,Phone Case,95,0
2025-06-17,P09,Phone Case,86,0
2025-06-18,P09,Phone Case,70,0
2025-06-19,P09,Phone Case,87,0
2025-06-20,P09,Phone Case,99,0
2025-06-21,P09,Phone Case,103,0
2025-06-22,P09,Phone Case,106,0
2025-06-23,P09,Phone Case,70,0
2025-06-24,P09,Phone Case,90,0
2025-06-25,P09,Phone Case,87,0
2025-06-26,P09,Phone Case,71,0
2025-06-27,P09,Phone Case,101,0
2025-06-28,P09,Phone Case,118,0
2025-06-29,P09,Phone Case,117,0
2025-06-30,P09,Phone Case,80,0
2025-07-01,P09,Phone Case,76,0
2025-07-02,P09,Phone Case,78,0
2025-07-03,P09,Phone Case,83,0
2025-07-04,P09,Phone Case,97,0
2025-07-05,P09,Phone Case,121,0
2025-07-06,P09,Phone Case,108,0
2025-07-07,P09,Phone Case,79,0
2025-07-08,P09,Phone Case,80,0
2025-07-09,P09,Phone Case,111,0
2025-07-10,P09,Phone Case,80,0
2025-07-11,P09,Phone Case,90,0
2025-07-12,P09,Phone Case,166,0
2025-07-13,P09,Phone Case,115,0
2025-07-14,P09,Phone Case,70,0
2025-07-15,P09,Phone Case,92,0
2025-07-16,P09,Phone Case,76,0
2025-07-17,P09,Phone Case,97,0
2025-07-18,P09,Phone Case,94,0
2025-07-19,P09,Phone Case,112,0
2025-07-20,P09,Phone Case,131,0
2025-07-21,P09,Phone Case,89,0
2025-07-22,P09,Phone Case,93,0
2025-07-23,P09,Phone Case,89,0
2025-07-24,P09,Phone Case,83,0
2025-07-25,P09,Phone Case,103,0
2025-07-26,P09,Phone Case,135,0
2025-07-27,P09,Phone Case,111,0
2025-07-28,P09,Phone Case,100,0
2025-07-29,P09,Phone Case,91,0
2025-07-30,P09,Phone Case,86,0
2025-07-31,P09,Phone Case,89,0
2025-08-01,P09,Phone Case,97,0
2025-08-02,P09,Phone Case,99,0
2025-08-03,P09,Phone Case,107,0
2025-08-04,P09,Phone Case,84,0
2025-08-05,P09,Phone Case,78,0
2025-08-06,P09,Phone Case,87,0
2025-08-07,P09,Phone Case,86,0
2025-08-08,P09,Phone Case,103,0
2025-08-09,P09,Phone Case,125,0
2025-08-10,P09,Phone Case,109,0
2025-08-11,P09,Phone Case,68,0
2025-08-12,P09,Phone Case,99,0
2025-08-13,P09,Phone Case,81,0
2025-08-14,P09,Phone Case,84,0
2025-08-15,P09,Phone Case,90,0
2025-08-16,P09,Phone Case,108,0
2025-08-17,P09,Phone Case,208,1
2025-08-18,P09,Phone Case,119,1
2025-08-19,P09,Phone Case,128,1
2025-08-20,P09,Phone Case,80,0
2025-08-21,P09,Phone Case,88,0
2025-08-22,P09,Phone Case,88,0
2025-08-23,P09,Phone Case,117,0
2025-08-24,P09,Phone Case,108,0
2025-08-25,P09,Phone Case,85,0
2025-08-26,P09,Phone Case,74,0
2025-08-27,P09,Phone Case,88,0
2025-08-28,P09,Phone Case,74,0
2025-08-29,P09,Phone Case,85,0
2025-08-30,P09,Phone Case,105,0
2025-08-31,P09,Phone Case,91,0
2025-09-01,P09,Phone Case,88,0
2025-09-02,P09,Phone Case,70,0
2025-09-03,P09,Phone Case,73,0
2025-09-04,P09,Phone Case,95,0
2025-09-05,P09,Phone Case,84,0
2025-09-06,P09,Phone Case,109,0
2025-09-07,P09,Phone Case,90,0
2025-09-08,P09,Phone Case,86,0
2025-09-09,P09,Phone Case,86,0
2025-09-10,P09,Phone Case,86,0
2025-09-11,P09,Phone Case,87,0
2025-09-12,P09,Phone Case,90,0
2025-09-13,P09,Phone Case,103,0
2025-09-14,P09,Phone Case,91,0
2025-09-15,P09,Phone Case,89,0
2025-09-16,P09,Phone Case,84,0
2025-09-17,P09,Phone Case,72,0
2025-09-18,P09,Phone Case,81,0
2025-09-19,P09,Phone Case,85,0
2025-09-20,P09,Phone Case,94,0
2025-09-21,P09,Phone Case,102,0
2025-09-22,P09,Phone Case,72,0
2025-09-23,P09,Phone Case,67,0
2025-09-24,P09,Phone Case,100,1
2025-09-25,P09,Phone Case,130,1
2025-09-26,P09,Phone Case,134,1
2025-09-27,P09,Phone Case,106,0
2025-09-28,P09,Phone Case,138,1
2025-09-29,P09,Phone Case,115,1
2025-09-30,P09,Phone Case,134,1
2025-10-01,P09,Phone Case,98,0
2025-10-02,P09,Phone Case,126,0
2025-10-03,P09,Phone Case,120,0
2025-10-04,P09,Phone Case,172,0
2025-10-05,P09,Phone Case,122,0
2025-10-06,P09,Phone Case,98,0
2025-10-07,P09,Phone Case,112,0
2025-10-08,P09,Phone Case,124,0
2025-10-09,P09,Phone Case,135,0
2025-10-10,P09,Phone Case,124,0
2025-10-11,P09,Phone Case,184,0
2025-10-12,P09,Phone Case,135,0
2025-10-13,P09,Phone Case,120,0
2025-10-14,P09,Phone Case,94,0
2025-10-15,P09,Phone Case,113,0
2025-10-16,P09,Phone Case,80,0
2025-10-17,P09,Phone Case,105,0
2025-10-18,P09,Phone Case,157,0
2025-10-19,P09,Phone Case,116,0
2025-10-20,P09,Phone Case,110,0
2025-10-21,P09,Phone Case,116,0
2025-10-22,P09,Phone Case,100,0
2025-10-23,P09,Phone Case,97,0
2025-10-24,P09,Phone Case,113,0
2025-10-25,P09,Phone Case,130,0
2025-10-26,P09,Phone Case,135,0
2025-10-27,P09,Phone Case,105,0
2025-10-28,P09,Phone Case,99,0
2025-10-29,P09,Phone Case,126,0
2025-10-30,P09,Phone Case,99,0
2025-10-31,P09,Phone Case,139,0
2025-11-01,P09,Phone Case,128,0
2025-11-02,P09,Phone Case,136,0
2025-11-03,P09,Phone Case,117,0
2025-11-04,P09,Phone Case,116,0
2025-11-05,P09,Phone Case,99,0
2025-11-06,P09,Phone Case,114,0
2025-11-07,P09,Phone Case,124,0
2025-11-08,P09,Phone Case,135,0
2025-11-09,P09,Phone Case,143,0
2025-11-10,P09,Phone Case,124,0
2025-11-11,P09,Phone Case,107,0
2025-11-12,P09,Phone Case,110,0
2025-11-13,P09,Phone Case,115,0
2025-11-14,P09,Phone Case,96,0
2025-11-15,P09,Phone Case,151,0
2025-11-16,P09,Phone Case,116,0
2025-11-17,P09,Phone Case,93,0
2025-11-18,P09,Phone Case,126,0
2025-11-19,P09,Phone Case,99,0
2025-11-20,P09,Phone Case,96,0
2025-11-21,P09,Phone Case,132,0
2025-11-22,P09,Phone Case,126,0
2025-11-23,P09,Phone Case,124,0
2025-11-24,P09,Phone Case,115,0
2025-11-25,P09,Phone Case,100,0
2025-11-26,P09,Phone Case,83,0
2025-11-27,P09,Phone Case,112,0
2025-11-28,P09,Phone Case,110,0
2025-11-29,P09,Phone Case,168,0
2025-11-30,P09,Phone Case,121,0
2025-12-01,P09,Phone Case,100,0
2025-12-02,P09,Phone Case,108,0
2025-12-03,P09,Phone Case,82,0
2025-12-04,P09,Phone Case,92,0
2025-12-05,P09,Phone Case,108,0
2025-12-06,P09,Phone Case,195,1
2025-12-07,P09,Phone Case,167,1
2025-12-08,P09,Phone Case,135,1
2025-12-09,P09,Phone Case,91,0
2025-12-10,P09,Phone Case,84,0
2025-12-11,P09,Phone Case,87,0
2025-12-12,P09,Phone Case,101,0
2025-12-13,P09,Phone Case,126,0
2025-12-14,P09,Phone Case,111,0
2025-12-15,P09,Phone Case,92,0
2025-12-16,P09,Phone Case,69,0
2025-12-17,P09,Phone Case,83,0
2025-12-18,P09,Phone Case,90,0
2025-12-19,P09,Phone Case,92,0
2025-12-20,P09,Phone Case,151,0
2025-12-21,P09,Phone Case,117,0
2025-12-22,P09,Phone Case,91,0
2025-12-23,P09,Phone Case,84,0
2025-12-24,P09,Phone Case,91,0
2025-12-25,P09,Phone Case,80,0
2025-12-26,P09,Phone Case,78,0
2025-12-27,P09,Phone Case,86,0
2025-12-28,P09,Phone Case,87,0
2025-12-29,P09,Phone Case,48,0
2025-12-30,P09,Phone Case,59,0
2024-01-01,P10,Wireless Earbuds,54,0
2024-01-02,P10,Wireless Earbuds,37,0
2024-01-03,P10,Wireless Earbuds,14,0
2024-01-04,P10,Wireless Earbuds,41,0
2024-01-05,P10,Wireless Earbuds,48,0
2024-01-06,P10,Wireless Earbuds,33,0
2024-01-07,P10,Wireless Earbuds,46,0
2024-01-08,P10,Wireless Earbuds,30,0
2024-01-09,P10,Wireless Earbuds,20,0
2024-01-10,P10,Wireless Earbuds,42,0
2024-01-11,P10,Wireless Earbuds,30,0
2024-01-12,P10,Wireless Earbuds,35,0
2024-01-13,P10,Wireless Earbuds,42,0
2024-01-14,P10,Wireless Earbuds,62,0
2024-01-15,P10,Wireless Earbuds,34,0
2024-01-16,P10,Wireless Earbuds,35,0
2024-01-17,P10,Wireless Earbuds,31,0
2024-01-18,P10,Wireless Earbuds,41,0
2024-01-19,P10,Wireless Earbuds,56,0
2024-01-20,P10,Wireless Earbuds,59,0
2024-01-21,P10,Wireless Earbuds,55,0
2024-01-22,P10,Wireless Earbuds,29,1
2024-01-23,P10,Wireless Earbuds,54,1
2024-01-24,P10,Wireless Earbuds,40,1
2024-01-25,P10,Wireless Earbuds,30,1
2024-01-26,P10,Wireless Earbuds,37,0
2024-01-27,P10,Wireless Earbuds,49,0
2024-01-28,P10,Wireless Earbuds,35,0
2024-01-29,P10,Wireless Earbuds,36,0
2024-01-30,P10,Wireless Earbuds,31,0
2024-01-31,P10,Wireless Earbuds,48,0
2024-02-01,P10,Wireless Earbuds,36,0
2024-02-02,P10,Wireless Earbuds,50,0
2024-02-03,P10,Wireless Earbuds,54,0
2024-02-04,P10,Wireless Earbuds,66,1
2024-02-05,P10,Wireless Earbuds,59,1
2024-02-06,P10,Wireless Earbuds,53,1
2024-02-07,P10,Wireless Earbuds,54,1
2024-02-08,P10,Wireless Earbuds,45,0
2024-02-09,P10,Wireless Earbuds,53,0
2024-02-10,P10,Wireless Earbuds,40,0
2024-02-11,P10,Wireless Earbuds,48,0
2024-02-12,P10,Wireless Earbuds,73,1
2024-02-13,P10,Wireless Earbuds,41,1
2024-02-14,P10,Wireless Earbuds,69,0
2024-02-15,P10,Wireless Earbuds,36,0
2024-02-16,P10,Wireless Earbuds,18,0
2024-02-17,P10,Wireless Earbuds,43,0
2024-02-18,P10,Wireless Earbuds,8,0
2024-02-19,P10,Wireless Earbuds,40,0
2024-02-20,P10,Wireless Earbuds,46,0
2024-02-21,P10,Wireless Earbuds,28,0
2024-02-22,P10,Wireless Earbuds,34,0
2024-02-23,P10,Wireless Earbuds,56,0
2024-02-24,P10,Wireless Earbuds,25,0
2024-02-25,P10,Wireless Earbuds,30,0
2024-02-26,P10,Wireless Earbuds,35,0
2024-02-27,P10,Wireless Earbuds,29,0
2024-02-28,P10,Wireless Earbuds,36,0
2024-02-29,P10,Wireless Earbuds,25,0
2024-03-01,P10,Wireless Earbuds,47,0
2024-03-02,P10,Wireless Earbuds,52,0
2024-03-03,P10,Wireless Earbuds,59,0
2024-03-04,P10,Wireless Earbuds,41,0
2024-03-05,P10,Wireless Earbuds,41,0
2024-03-06,P10,Wireless Earbuds,22,0
2024-03-07,P10,Wireless Earbuds,47,0
2024-03-08,P10,Wireless Earbuds,41,0
2024-03-09,P10,Wireless Earbuds,53,0
2024-03-10,P10,Wireless Earbuds,68,0
2024-03-11,P10,Wireless Earbuds,31,0
2024-03-12,P10,Wireless Earbuds,56,0
2024-03-13,P10,Wireless Earbuds,58,0
2024-03-14,P10,Wireless Earbuds,51,0
2024-03-15,P10,Wireless Earbuds,33,0
2024-03-16,P10,Wireless Earbuds,20,0
2024-03-17,P10,Wireless Earbuds,70,0
2024-03-18,P10,Wireless Earbuds,42,0
2024-03-19,P10,Wireless Earbuds,31,0
2024-03-20,P10,Wireless Earbuds,56,0
2024-03-21,P10,Wireless Earbuds,32,0
2024-03-22,P10,Wireless Earbuds,41,0
2024-03-23,P10,Wireless Earbuds,67,0
2024-03-24,P10,Wireless Earbuds,36,0
2024-03-25,P10,Wireless Earbuds,40,0
2024-03-26,P10,Wireless Earbuds,55,0
2024-03-27,P10,Wireless Earbuds,45,0
2024-03-28,P10,Wireless Earbuds,60,0
2024-03-29,P10,Wireless Earbuds,64,0
2024-03-30,P10,Wireless Earbuds,59,0
2024-03-31,P10,Wireless Earbuds,16,0
2024-04-01,P10,Wireless Earbuds,28,0
2024-04-02,P10,Wireless Earbuds,34,1
2024-04-03,P10,Wireless Earbuds,62,1
2024-04-04,P10,Wireless Earbuds,64,0
2024-04-05,P10,Wireless Earbuds,41,0
2024-04-06,P10,Wireless Earbuds,49,0
2024-04-07,P10,Wireless Earbuds,55,0
2024-04-08,P10,Wireless Earbuds,47,0
2024-04-09,P10,Wireless Earbuds,41,0
2024-04-10,P10,Wireless Earbuds,58,0
2024-04-11,P10,Wireless Earbuds,34,0
2024-04-12,P10,Wireless Earbuds,52,0
2024-04-13,P10,Wireless Earbuds,70,0
2024-04-14,P10,Wireless Earbuds,50,0
2024-04-15,P10,Wireless Earbuds,54,0
2024-04-16,P10,Wireless Earbuds,46,0
2024-04-17,P10,Wireless Earbuds,55,0
2024-04-18,P10,Wireless Earbuds,49,0
2024-04-19,P10,Wireless Earbuds,57,0
2024-04-20,P10,Wireless Earbuds,51,0
2024-04-21,P10,Wireless Earbuds,47,0
2024-04-22,P10,Wireless Earbuds,60,0
2024-04-23,P10,Wireless Earbuds,53,0
2024-04-24,P10,Wireless Earbuds,31,0
2024-04-25,P10,Wireless Earbuds,49,0
2024-04-26,P10,Wireless Earbuds,15,0
2024-04-27,P10,Wireless Earbuds,53,0
2024-04-28,P10,Wireless Earbuds,76,0
2024-04-29,P10,Wireless Earbuds,43,0
2024-04-30,P10,Wireless Earbuds,47,0
2024-05-01,P10,Wireless Earbuds,4,0
2024-05-02,P10,Wireless Earbuds,42,0
2024-05-03,P10,Wireless Earbuds,58,0
2024-05-04,P10,Wireless Earbuds,74,0
2024-05-05,P10,Wireless Earbuds,77,0
2024-05-06,P10,Wireless Earbuds,43,0
2024-05-07,P10,Wireless Earbuds,43,0
2024-05-08,P10,Wireless Earbuds,28,0
2024-05-09,P10,Wireless Earbuds,45,0
2024-05-10,P10,Wireless Earbuds,33,0
2024-05-11,P10,Wireless Earbuds,29,0
2024-05-12,P10,Wireless Earbuds,41,0
2024-05-13,P10,Wireless Earbuds,67,0
2024-05-14,P10,Wireless Earbuds,43,0
2024-05-15,P10,Wireless Earbuds,51,0
2024-05-16,P10,Wireless Earbuds,41,0
2024-05-17,P10,Wireless Earbuds,25,0
2024-05-18,P10,Wireless Earbuds,85,0
2024-05-19,P10,Wireless Earbuds,21,0
2024-05-20,P10,Wireless Earbuds,39,0
2024-05-21,P10,Wireless Earbuds,46,0
2024-05-22,P10,Wireless Earbuds,51,0
2024-05-23,P10,Wireless Earbuds,39,0
2024-05-24,P10,Wireless Earbuds,24,0
2024-05-25,P10,Wireless Earbuds,51,0
2024-05-26,P10,Wireless Earbuds,48,0
2024-05-27,P10,Wireless Earbuds,36,0
2024-05-28,P10,Wireless Earbuds,61,0
2024-05-29,P10,Wireless Earbuds,31,0
2024-05-30,P10,Wireless Earbuds,55,0
2024-05-31,P10,Wireless Earbuds,58,0
2024-06-01,P10,Wireless Earbuds,87,0
2024-06-02,P10,Wireless Earbuds,60,0
2024-06-03,P10,Wireless Earbuds,59,0
2024-06-04,P10,Wireless Earbuds,45,0
2024-06-05,P10,Wireless Earbuds,55,0
2024-06-06,P10,Wireless Earbuds,28,0
2024-06-07,P10,Wireless Earbuds,12,0
2024-06-08,P10,Wireless Earbuds,76,0
2024-06-09,P10,Wireless Earbuds,72,0
2024-06-10,P10,Wireless Earbuds,55,0
2024-06-11,P10,Wireless Earbuds,41,0
2024-06-12,P10,Wireless Earbuds,71,0
2024-06-13,P10,Wireless Earbuds,44,0
2024-06-14,P10,Wireless Earbuds,63,0
2024-06-15,P10,Wireless Earbuds,81,0
2024-06-16,P10,Wireless Earbuds,97,0
2024-06-17,P10,Wireless Earbuds,44,0
2024-06-18,P10,Wireless Earbuds,39,0
2024-06-19,P10,Wireless Earbuds,27,0
2024-06-20,P10,Wireless Earbuds,75,0
2024-06-21,P10,Wireless Earbuds,63,0
2024-06-22,P10,Wireless Earbuds,79,0
2024-06-23,P10,Wireless Earbuds,124,0
2024-06-24,P10,Wireless Earbuds,54,0
2024-06-25,P10,Wireless Earbuds,30,0
2024-06-26,P10,Wireless Earbuds,47,0
2024-06-27,P10,Wireless Earbuds,36,0
2024-06-28,P10,Wireless Earbuds,50,0
2024-06-29,P10,Wireless Earbuds,61,0
2024-06-30,P10,Wireless Earbuds,53,0
2024-07-01,P10,Wireless Earbuds,28,0
2024-07-02,P10,Wireless Earbuds,72,0
2024-07-03,P10,Wireless Earbuds,54,0
2024-07-04,P10,Wireless Earbuds,48,0
2024-07-05,P10,Wireless Earbuds,70,0
2024-07-06,P10,Wireless Earbuds,79,0
2024-07-07,P10,Wireless Earbuds,70,0
2024-07-08,P10,Wireless Earbuds,59,0
2024-07-09,P10,Wireless Earbuds,51,0
2024-07-10,P10,Wireless Earbuds,60,0
2024-07-11,P10,Wireless Earbuds,63,0
2024-07-12,P10,Wireless Earbuds,60,0
2024-07-13,P10,Wireless Earbuds,65,0
2024-07-14,P10,Wireless Earbuds,94,0
2024-07-15,P10,Wireless Earbuds,42,0
2024-07-16,P10,Wireless Earbuds,55,0
2024-07-17,P10,Wireless Earbuds,56,0
2024-07-18,P10,Wireless Earbuds,42,0
2024-07-19,P10,Wireless Earbuds,43,0
2024-07-20,P10,Wireless Earbuds,62,0
2024-07-21,P10,Wireless Earbuds,55,0
2024-07-22,P10,Wireless Earbuds,28,0
2024-07-23,P10,Wireless Earbuds,39,0
2024-07-24,P10,Wireless Earbuds,54,0
2024-07-25,P10,Wireless Earbuds,71,0
2024-07-26,P10,Wireless Earbuds,66,0
2024-07-27,P10,Wireless Earbuds,15,0
2024-07-28,P10,Wireless Earbuds,77,0
2024-07-29,P10,Wireless Earbuds,41,0
2024-07-30,P10,Wireless Earbuds,55,0
2024-07-31,P10,Wireless Earbuds,50,0
2024-08-01,P10,Wireless Earbuds,48,0
2024-08-02,P10,Wireless Earbuds,55,0
2024-08-03,P10,Wireless Earbuds,69,0
2024-08-04,P10,Wireless Earbuds,90,0
2024-08-05,P10,Wireless Earbuds,48,0
2024-08-06,P10,Wireless Earbuds,64,0
2024-08-07,P10,Wireless Earbuds,64,0
2024-08-08,P10,Wireless Earbuds,61,0
2024-08-09,P10,Wireless Earbuds,100,1
2024-08-10,P10,Wireless Earbuds,141,1
2024-08-11,P10,Wireless Earbuds,60,1
2024-08-12,P10,Wireless Earbuds,57,1
2024-08-13,P10,Wireless Earbuds,65,0
2024-08-14,P10,Wireless Earbuds,51,0
2024-08-15,P10,Wireless Earbuds,44,0
2024-08-16,P10,Wireless Earbuds,55,0
2024-08-17,P10,Wireless Earbuds,42,0
2024-08-18,P10,Wireless Earbuds,63,0
2024-08-19,P10,Wireless Earbuds,32,0
2024-08-20,P10,Wireless Earbuds,42,0
2024-08-21,P10,Wireless Earbuds,63,0
2024-08-22,P10,Wireless Earbuds,54,0
2024-08-23,P10,Wireless Earbuds,31,0
2024-08-24,P10,Wireless Earbuds,85,0
2024-08-25,P10,Wireless Earbuds,63,0
2024-08-26,P10,Wireless Earbuds,40,0
2024-08-27,P10,Wireless Earbuds,58,0
2024-08-28,P10,Wireless Earbuds,46,0
2024-08-29,P10,Wireless Earbuds,33,0
2024-08-30,P10,Wireless Earbuds,85,0
2024-08-31,P10,Wireless Earbuds,67,0
2024-09-01,P10,Wireless Earbuds,61,0
2024-09-02,P10,Wireless Earbuds,42,0
2024-09-03,P10,Wireless Earbuds,64,0
2024-09-04,P10,Wireless Earbuds,41,0
2024-09-05,P10,Wireless Earbuds,27,0
2024-09-06,P10,Wireless Earbuds,43,0
2024-09-07,P10,Wireless Earbuds,93,0
2024-09-08,P10,Wireless Earbuds,77,0
2024-09-09,P10,Wireless Earbuds,43,0
2024-09-10,P10,Wireless Earbuds,66,0
2024-09-11,P10,Wireless Earbuds,58,0
2024-09-12,P10,Wireless Earbuds,45,0
2024-09-13,P10,Wireless Earbuds,51,0
2024-09-14,P10,Wireless Earbuds,73,0
2024-09-15,P10,Wireless Earbuds,46,0
2024-09-16,P10,Wireless Earbuds,47,0
2024-09-17,P10,Wireless Earbuds,51,0
2024-09-18,P10,Wireless Earbuds,23,0
2024-09-19,P10,Wireless Earbuds,46,0
2024-09-20,P10,Wireless Earbuds,49,0
2024-09-21,P10,Wireless Earbuds,86,0
2024-09-22,P10,Wireless Earbuds,27,0
2024-09-23,P10,Wireless Earbuds,41,0
2024-09-24,P10,Wireless Earbuds,39,0
2024-09-25,P10,Wireless Earbuds,60,0
2024-09-26,P10,Wireless Earbuds,48,0
2024-09-27,P10,Wireless Earbuds,81,0
2024-09-28,P10,Wireless Earbuds,78,0
2024-09-29,P10,Wireless Earbuds,53,0
2024-09-30,P10,Wireless Earbuds,49,0
2024-10-01,P10,Wireless Earbuds,59,0
2024-10-02,P10,Wireless Earbuds,85,0
2024-10-03,P10,Wireless Earbuds,42,0
2024-10-04,P10,Wireless Earbuds,57,0
2024-10-05,P10,Wireless Earbuds,106,0
2024-10-06,P10,Wireless Earbuds,118,0
2024-10-07,P10,Wireless Earbuds,22,0
2024-10-08,P10,Wireless Earbuds,92,0
2024-10-09,P10,Wireless Earbuds,64,0
2024-10-10,P10,Wireless Earbuds,30,0
2024-10-11,P10,Wireless Earbuds,7,0
2024-10-12,P10,Wireless Earbuds,50,0
2024-10-13,P10,Wireless Earbuds,85,0
2024-10-14,P10,Wireless Earbuds,64,0
2024-10-15,P10,Wireless Earbuds,77,0
2024-10-16,P10,Wireless Earbuds,55,0
2024-10-17,P10,Wireless Earbuds,45,0
2024-10-18,P10,Wireless Earbuds,65,0
2024-10-19,P10,Wireless Earbuds,92,0
2024-10-20,P10,Wireless Earbuds,90,0
2024-10-21,P10,Wireless Earbuds,49,0
2024-10-22,P10,Wireless Earbuds,82,0
2024-10-23,P10,Wireless Earbuds,53,0
2024-10-24,P10,Wireless Earbuds,50,0
2024-10-25,P10,Wireless Earbuds,62,0
2024-10-26,P10,Wireless Earbuds,120,0
2024-10-27,P10,Wireless Earbuds,81,0
2024-10-28,P10,Wireless Earbuds,50,0
2024-10-29,P10,Wireless Earbuds,81,0
2024-10-30,P10,Wireless Earbuds,107,0
2024-10-31,P10,Wireless Earbuds,71,0
2024-11-01,P10,Wireless Earbuds,101,0
2024-11-02,P10,Wireless Earbuds,118,0
2024-11-03,P10,Wireless Earbuds,68,0
2024-11-04,P10,Wireless Earbuds,64,0
2024-11-05,P10,Wireless Earbuds,39,0
2024-11-06,P10,Wireless Earbuds,61,0
2024-11-07,P10,Wireless Earbuds,54,0
2024-11-08,P10,Wireless Earbuds,64,0
2024-11-09,P10,Wireless Earbuds,69,0
2024-11-10,P10,Wireless Earbuds,76,0
2024-11-11,P10,Wireless Earbuds,73,0
2024-11-12,P10,Wireless Earbuds,61,0
2024-11-13,P10,Wireless Earbuds,28,0
2024-11-14,P10,Wireless Earbuds,51,0
2024-11-15,P10,Wireless Earbuds,40,0
2024-11-16,P10,Wireless Earbuds,96,0
2024-11-17,P10,Wireless Earbuds,95,0
2024-11-18,P10,Wireless Earbuds,67,0
2024-11-19,P10,Wireless Earbuds,48,0
2024-11-20,P10,Wireless Earbuds,69,0
2024-11-21,P10,Wireless Earbuds,57,0
2024-11-22,P10,Wireless Earbuds,48,0
2024-11-23,P10,Wireless Earbuds,109,0
2024-11-24,P10,Wireless Earbuds,102,0
2024-11-25,P10,Wireless Earbuds,80,0
2024-11-26,P10,Wireless Earbuds,51,0
2024-11-27,P10,Wireless Earbuds,86,0
2024-11-28,P10,Wireless Earbuds,56,0
2024-11-29,P10,Wireless Earbuds,86,0
2024-11-30,P10,Wireless Earbuds,75,0
2024-12-01,P10,Wireless Earbuds,69,0
2024-12-02,P10,Wireless Earbuds,15,0
2024-12-03,P10,Wireless Earbuds,51,0
2024-12-04,P10,Wireless Earbuds,59,0
2024-12-05,P10,Wireless Earbuds,52,0
2024-12-06,P10,Wireless Earbuds,99,0
2024-12-07,P10,Wireless Earbuds,52,0
2024-12-08,P10,Wireless Earbuds,61,0
2024-12-09,P10,Wireless Earbuds,41,0
2024-12-10,P10,Wireless Earbuds,47,0
2024-12-11,P10,Wireless Earbuds,128,1
2024-12-12,P10,Wireless Earbuds,72,1
2024-12-13,P10,Wireless Earbuds,124,1
2024-12-14,P10,Wireless Earbuds,126,1
2024-12-15,P10,Wireless Earbuds,43,0
2024-12-16,P10,Wireless Earbuds,34,0
2024-12-17,P10,Wireless Earbuds,59,0
2024-12-18,P10,Wireless Earbuds,67,0
2024-12-19,P10,Wireless Earbuds,23,0
2024-12-20,P10,Wireless Earbuds,59,0
2024-12-21,P10,Wireless Earbuds,119,0
2024-12-22,P10,Wireless Earbuds,69,0
2024-12-23,P10,Wireless Earbuds,82,0
2024-12-24,P10,Wireless Earbuds,67,0
2024-12-25,P10,Wireless Earbuds,39,0
2024-12-26,P10,Wireless Earbuds,42,0
2024-12-27,P10,Wireless Earbuds,48,0
2024-12-28,P10,Wireless Earbuds,44,0
2024-12-29,P10,Wireless Earbuds,41,0
2024-12-30,P10,Wireless Earbuds,63,0
2024-12-31,P10,Wireless Earbuds,31,0
2025-01-01,P10,Wireless Earbuds,68,0
2025-01-02,P10,Wireless Earbuds,46,0
2025-01-03,P10,Wireless Earbuds,58,0
2025-01-04,P10,Wireless Earbuds,84,0
2025-01-05,P10,Wireless Earbuds,55,0
2025-01-06,P10,Wireless Earbuds,26,1
2025-01-07,P10,Wireless Earbuds,16,1
2025-01-08,P10,Wireless Earbuds,42,0
2025-01-09,P10,Wireless Earbuds,58,0
2025-01-10,P10,Wireless Earbuds,61,0
2025-01-11,P10,Wireless Earbuds,38,0
2025-01-12,P10,Wireless Earbuds,38,0
2025-01-13,P10,Wireless Earbuds,35,0
2025-01-14,P10,Wireless Earbuds,47,0
2025-01-15,P10,Wireless Earbuds,18,0
2025-01-16,P10,Wireless Earbuds,47,0
2025-01-17,P10,Wireless Earbuds,57,0
2025-01-18,P10,Wireless Earbuds,58,0
2025-01-19,P10,Wireless Earbuds,68,0
2025-01-20,P10,Wireless Earbuds,48,0
2025-01-21,P10,Wireless Earbuds,38,0
2025-01-22,P10,Wireless Earbuds,19,0
2025-01-23,P10,Wireless Earbuds,50,0
2025-01-24,P10,Wireless Earbuds,38,0
2025-01-25,P10,Wireless Earbuds,121,1
2025-01-26,P10,Wireless Earbuds,86,1
2025-01-27,P10,Wireless Earbuds,35,1
2025-01-28,P10,Wireless Earbuds,61,1
2025-01-29,P10,Wireless Earbuds,64,0
2025-01-30,P10,Wireless Earbuds,40,0
2025-01-31,P10,Wireless Earbuds,49,0
2025-02-01,P10,Wireless Earbuds,86,0
2025-02-02,P10,Wireless Earbuds,59,0
2025-02-03,P10,Wireless Earbuds,31,0
2025-02-04,P10,Wireless Earbuds,82,0
2025-02-05,P10,Wireless Earbuds,32,0
2025-02-06,P10,Wireless Earbuds,48,0
2025-02-07,P10,Wireless Earbuds,60,0
2025-02-08,P10,Wireless Earbuds,72,0
2025-02-09,P10,Wireless Earbuds,58,0
2025-02-10,P10,Wireless Earbuds,44,0
2025-02-11,P10,Wireless Earbuds,44,0
2025-02-12,P10,Wireless Earbuds,32,0
2025-02-13,P10,Wireless Earbuds,82,0
2025-02-14,P10,Wireless Earbuds,51,0
2025-02-15,P10,Wireless Earbuds,80,0
2025-02-16,P10,Wireless Earbuds,57,0
2025-02-17,P10,Wireless Earbuds,43,0
2025-02-18,P10,Wireless Earbuds,41,0
2025-02-19,P10,Wireless Earbuds,26,0
2025-02-20,P10,Wireless Earbuds,72,1
2025-02-21,P10,Wireless Earbuds,60,1
2025-02-22,P10,Wireless Earbuds,79,1
2025-02-23,P10,Wireless Earbuds,92,0
2025-02-24,P10,Wireless Earbuds,36,0
2025-02-25,P10,Wireless Earbuds,57,0
2025-02-26,P10,Wireless Earbuds,65,0
2025-02-27,P10,Wireless Earbuds,49,0
2025-02-28,P10,Wireless Earbuds,33,0
2025-03-01,P10,Wireless Earbuds,41,0
2025-03-02,P10,Wireless Earbuds,82,0
2025-03-03,P10,Wireless Earbuds,31,0
2025-03-04,P10,Wireless Earbuds,56,0
2025-03-05,P10,Wireless Earbuds,53,0
2025-03-06,P10,Wireless Earbuds,59,0
2025-03-07,P10,Wireless Earbuds,67,1
2025-03-08,P10,Wireless Earbuds,132,1
2025-03-09,P10,Wireless Earbuds,19,1
2025-03-10,P10,Wireless Earbuds,59,1
2025-03-11,P10,Wireless Earbuds,58,0
2025-03-12,P10,Wireless Earbuds,74,0
2025-03-13,P10,Wireless Earbuds,54,0
2025-03-14,P10,Wireless Earbuds,77,0
2025-03-15,P10,Wireless Earbuds,76,0
2025-03-16,P10,Wireless Earbuds,100,0
2025-03-17,P10,Wireless Earbuds,74,1
2025-03-18,P10,Wireless Earbuds,67,1
2025-03-19,P10,Wireless Earbuds,71,0
2025-03-20,P10,Wireless Earbuds,48,0
2025-03-21,P10,Wireless Earbuds,98,0
2025-03-22,P10,Wireless Earbuds,121,0
2025-03-23,P10,Wireless Earbuds,75,0
2025-03-24,P10,Wireless Earbuds,61,0
2025-03-25,P10,Wireless Earbuds,71,0
2025-03-26,P10,Wireless Earbuds,35,0
2025-03-27,P10,Wireless Earbuds,34,0
2025-03-28,P10,Wireless Earbuds,85,0
2025-03-29,P10,Wireless Earbuds,82,0
2025-03-30,P10,Wireless Earbuds,65,0
2025-03-31,P10,Wireless Earbuds,54,0
2025-04-01,P10,Wireless Earbuds,15,0
2025-04-02,P10,Wireless Earbuds,52,0
2025-04-03,P10,Wireless Earbuds,44,0
2025-04-04,P10,Wireless Earbuds,80,0
2025-04-05,P10,Wireless Earbuds,100,0
2025-04-06,P10,Wireless Earbuds,84,0
2025-04-07,P10,Wireless Earbuds,61,0
2025-04-08,P10,Wireless Earbuds,30,0
2025-04-09,P10,Wireless Earbuds,66,0
2025-04-10,P10,Wireless Earbuds,69,0
2025-04-11,P10,Wireless Earbuds,87,0
2025-04-12,P10,Wireless Earbuds,128,0
2025-04-13,P10,Wireless Earbuds,36,0
2025-04-14,P10,Wireless Earbuds,49,0
2025-04-15,P10,Wireless Earbuds,43,0
2025-04-16,P10,Wireless Earbuds,60,0
2025-04-17,P10,Wireless Earbuds,59,0
2025-04-18,P10,Wireless Earbuds,60,0
2025-04-19,P10,Wireless Earbuds,104,0
2025-04-20,P10,Wireless Earbuds,49,0
2025-04-21,P10,Wireless Earbuds,39,0
2025-04-22,P10,Wireless Earbuds,77,1
2025-04-23,P10,Wireless Earbuds,90,1
2025-04-24,P10,Wireless Earbuds,57,0
2025-04-25,P10,Wireless Earbuds,50,0
2025-04-26,P10,Wireless Earbuds,102,0
2025-04-27,P10,Wireless Earbuds,74,0
2025-04-28,P10,Wireless Earbuds,90,1
2025-04-29,P10,Wireless Earbuds,64,1
2025-04-30,P10,Wireless Earbuds,59,0
2025-05-01,P10,Wireless Earbuds,74,0
2025-05-02,P10,Wireless Earbuds,59,0
2025-05-03,P10,Wireless Earbuds,95,0
2025-05-04,P10,Wireless Earbuds,58,0
2025-05-05,P10,Wireless Earbuds,71,0
2025-05-06,P10,Wireless Earbuds,48,0
2025-05-07,P10,Wireless Earbuds,75,0
2025-05-08,P10,Wireless Earbuds,63,0
2025-05-09,P10,Wireless Earbuds,99,0
2025-05-10,P10,Wireless Earbuds,54,0
2025-05-11,P10,Wireless Earbuds,43,0
2025-05-12,P10,Wireless Earbuds,48,0
2025-05-13,P10,Wireless Earbuds,34,0
2025-05-14,P10,Wireless Earbuds,35,0
2025-05-15,P10,Wireless Earbuds,74,0
2025-05-16,P10,Wireless Earbuds,68,0
2025-05-17,P10,Wireless Earbuds,121,1
2025-05-18,P10,Wireless Earbuds,160,1
2025-05-19,P10,Wireless Earbuds,48,1
2025-05-20,P10,Wireless Earbuds,74,1
2025-05-21,P10,Wireless Earbuds,98,0
2025-05-22,P10,Wireless Earbuds,53,0
2025-05-23,P10,Wireless Earbuds,87,0
2025-05-24,P10,Wireless Earbuds,113,0
2025-05-25,P10,Wireless Earbuds,67,0
2025-05-26,P10,Wireless Earbuds,47,0
2025-05-27,P10,Wireless Earbuds,74,0
2025-05-28,P10,Wireless Earbuds,72,0
2025-05-29,P10,Wireless Earbuds,37,0
2025-05-30,P10,Wireless Earbuds,46,0
2025-05-31,P10,Wireless Earbuds,21,0
2025-06-01,P10,Wireless Earbuds,116,1
2025-06-02,P10,Wireless Earbuds,42,1
2025-06-03,P10,Wireless Earbuds,80,1
2025-06-04,P10,Wireless Earbuds,91,1
2025-06-05,P10,Wireless Earbuds,75,0
2025-06-06,P10,Wireless Earbuds,118,0
2025-06-07,P10,Wireless Earbuds,86,0
2025-06-08,P10,Wireless Earbuds,107,0
2025-06-09,P10,Wireless Earbuds,46,0
2025-06-10,P10,Wireless Earbuds,30,0
2025-06-11,P10,Wireless Earbuds,56,0
2025-06-12,P10,Wireless Earbuds,34,0
2025-06-13,P10,Wireless Earbuds,71,0
2025-06-14,P10,Wireless Earbuds,67,0
2025-06-15,P10,Wireless Earbuds,195,1
2025-06-16,P10,Wireless Earbuds,52,1
2025-06-17,P10,Wireless Earbuds,70,1
2025-06-18,P10,Wireless Earbuds,83,0
2025-06-19,P10,Wireless Earbuds,51,0
2025-06-20,P10,Wireless Earbuds,60,0
2025-06-21,P10,Wireless Earbuds,97,0
2025-06-22,P10,Wireless Earbuds,96,0
2025-06-23,P10,Wireless Earbuds,76,0
2025-06-24,P10,Wireless Earbuds,60,0
2025-06-25,P10,Wireless Earbuds,73,0
2025-06-26,P10,Wireless Earbuds,80,0
2025-06-27,P10,Wireless Earbuds,76,0
2025-06-28,P10,Wireless Earbuds,84,0
2025-06-29,P10,Wireless Earbuds,46,0
2025-06-30,P10,Wireless Earbuds,73,0
2025-07-01,P10,Wireless Earbuds,63,0
2025-07-02,P10,Wireless Earbuds,55,0
2025-07-03,P10,Wireless Earbuds,90,0
2025-07-04,P10,Wireless Earbuds,41,0
2025-07-05,P10,Wireless Earbuds,131,0
2025-07-06,P10,Wireless Earbuds,81,0
2025-07-07,P10,Wireless Earbuds,68,0
2025-07-08,P10,Wireless Earbuds,55,0
2025-07-09,P10,Wireless Earbuds,32,0
2025-07-10,P10,Wireless Earbuds,62,0
2025-07-11,P10,Wireless Earbuds,79,0
2025-07-12,P10,Wireless Earbuds,106,0
2025-07-13,P10,Wireless Earbuds,77,0
2025-07-14,P10,Wireless Earbuds,21,0
2025-07-15,P10,Wireless Earbuds,33,0
2025-07-16,P10,Wireless Earbuds,102,0
2025-07-17,P10,Wireless Earbuds,44,0
2025-07-18,P10,Wireless Earbuds,72,1
2025-07-19,P10,Wireless Earbuds,152,1
2025-07-20,P10,Wireless Earbuds,167,1
2025-07-21,P10,Wireless Earbuds,63,0
2025-07-22,P10,Wireless Earbuds,70,0
2025-07-23,P10,Wireless Earbuds,58,0
2025-07-24,P10,Wireless Earbuds,78,0
2025-07-25,P10,Wireless Earbuds,105,0
2025-07-26,P10,Wireless Earbuds,84,0
2025-07-27,P10,Wireless Earbuds,123,0
2025-07-28,P10,Wireless Earbuds,50,0
2025-07-29,P10,Wireless Earbuds,76,0
2025-07-30,P10,Wireless Earbuds,72,0
2025-07-31,P10,Wireless Earbuds,44,0
2025-08-01,P10,Wireless Earbuds,76,0
2025-08-02,P10,Wireless Earbuds,87,0
2025-08-03,P10,Wireless Earbuds,60,0
2025-08-04,P10,Wireless Earbuds,68,0
2025-08-05,P10,Wireless Earbuds,64,0
2025-08-06,P10,Wireless Earbuds,61,0
2025-08-07,P10,Wireless Earbuds,63,0
2025-08-08,P10,Wireless Earbuds,69,0
2025-08-09,P10,Wireless Earbuds,77,0
2025-08-10,P10,Wireless Earbuds,84,0
2025-08-11,P10,Wireless Earbuds,49,0
2025-08-12,P10,Wireless Earbuds,109,0
2025-08-13,P10,Wireless Earbuds,36,0
2025-08-14,P10,Wireless Earbuds,53,0
2025-08-15,P10,Wireless Earbuds,60,0
2025-08-16,P10,Wireless Earbuds,139,0
2025-08-17,P10,Wireless Earbuds,48,0
2025-08-18,P10,Wireless Earbuds,68,0
2025-08-19,P10,Wireless Earbuds,65,0
2025-08-20,P10,Wireless Earbuds,68,0
2025-08-21,P10,Wireless Earbuds,87,0
2025-08-22,P10,Wireless Earbuds,95,0
2025-08-23,P10,Wireless Earbuds,74,0
2025-08-24,P10,Wireless Earbuds,46,1
2025-08-25,P10,Wireless Earbuds,64,1
2025-08-26,P10,Wireless Earbuds,42,1
2025-08-27,P10,Wireless Earbuds,44,1
2025-08-28,P10,Wireless Earbuds,66,0
2025-08-29,P10,Wireless Earbuds,44,0
2025-08-30,P10,Wireless Earbuds,63,0
2025-08-31,P10,Wireless Earbuds,105,0
2025-09-01,P10,Wireless Earbuds,70,0
2025-09-02,P10,Wireless Earbuds,80,0
2025-09-03,P10,Wireless Earbuds,89,0
2025-09-04,P10,Wireless Earbuds,48,0
2025-09-05,P10,Wireless Earbuds,99,0
2025-09-06,P10,Wireless Earbuds,47,0
2025-09-07,P10,Wireless Earbuds,95,0
2025-09-08,P10,Wireless Earbuds,50,0
2025-09-09,P10,Wireless Earbuds,42,0
2025-09-10,P10,Wireless Earbuds,71,0
2025-09-11,P10,Wireless Earbuds,79,0
2025-09-12,P10,Wireless Earbuds,86,0
2025-09-13,P10,Wireless Earbuds,88,0
2025-09-14,P10,Wireless Earbuds,80,0
2025-09-15,P10,Wireless Earbuds,67,0
2025-09-16,P10,Wireless Earbuds,63,0
2025-09-17,P10,Wireless Earbuds,69,0
2025-09-18,P10,Wireless Earbuds,65,0
2025-09-19,P10,Wireless Earbuds,84,0
2025-09-20,P10,Wireless Earbuds,42,0
2025-09-21,P10,Wireless Earbuds,73,0
2025-09-22,P10,Wireless Earbuds,34,0
2025-09-23,P10,Wireless Earbuds,62,0
2025-09-24,P10,Wireless Earbuds,88,0
2025-09-25,P10,Wireless Earbuds,52,0
2025-09-26,P10,Wireless Earbuds,69,0
2025-09-27,P10,Wireless Earbuds,100,0
2025-09-28,P10,Wireless Earbuds,29,0
2025-09-29,P10,Wireless Earbuds,48,0
2025-09-30,P10,Wireless Earbuds,63,0
2025-10-01,P10,Wireless Earbuds,11,0
2025-10-02,P10,Wireless Earbuds,61,0
2025-10-03,P10,Wireless Earbuds,127,0
2025-10-04,P10,Wireless Earbuds,152,0
2025-10-05,P10,Wireless Earbuds,120,0
2025-10-06,P10,Wireless Earbuds,103,0
2025-10-07,P10,Wireless Earbuds,87,0
2025-10-08,P10,Wireless Earbuds,97,0
2025-10-09,P10,Wireless Earbuds,78,0
2025-10-10,P10,Wireless Earbuds,97,0
2025-10-11,P10,Wireless Earbuds,94,0
2025-10-12,P10,Wireless Earbuds,147,0
2025-10-13,P10,Wireless Earbuds,118,0
2025-10-14,P10,Wireless Earbuds,114,0
2025-10-15,P10,Wireless Earbuds,72,0
2025-10-16,P10,Wireless Earbuds,61,0
2025-10-17,P10,Wireless Earbuds,129,0
2025-10-18,P10,Wireless Earbuds,133,0
2025-10-19,P10,Wireless Earbuds,116,0
2025-10-20,P10,Wireless Earbuds,65,0
2025-10-21,P10,Wireless Earbuds,90,0
2025-10-22,P10,Wireless Earbuds,55,0
2025-10-23,P10,Wireless Earbuds,100,0
2025-10-24,P10,Wireless Earbuds,131,0
2025-10-25,P10,Wireless Earbuds,169,0
2025-10-26,P10,Wireless Earbuds,127,0
2025-10-27,P10,Wireless Earbuds,47,0
2025-10-28,P10,Wireless Earbuds,84,0
2025-10-29,P10,Wireless Earbuds,133,0
2025-10-30,P10,Wireless Earbuds,62,0
2025-10-31,P10,Wireless Earbuds,90,0
2025-11-01,P10,Wireless Earbuds,160,0
2025-11-02,P10,Wireless Earbuds,123,0
2025-11-03,P10,Wireless Earbuds,137,0
2025-11-04,P10,Wireless Earbuds,61,0
2025-11-05,P10,Wireless Earbuds,56,0
2025-11-06,P10,Wireless Earbuds,113,0
2025-11-07,P10,Wireless Earbuds,58,0
2025-11-08,P10,Wireless Earbuds,105,0
2025-11-09,P10,Wireless Earbuds,101,0
2025-11-10,P10,Wireless Earbuds,103,0
2025-11-11,P10,Wireless Earbuds,93,0
2025-11-12,P10,Wireless Earbuds,91,0
2025-11-13,P10,Wireless Earbuds,72,0
2025-11-14,P10,Wireless Earbuds,123,0
2025-11-15,P10,Wireless Earbuds,244,0
2025-11-16,P10,Wireless Earbuds,124,0
2025-11-17,P10,Wireless Earbuds,80,0
2025-11-18,P10,Wireless Earbuds,47,0
2025-11-19,P10,Wireless Earbuds,64,0
2025-11-20,P10,Wireless Earbuds,77,0
2025-11-21,P10,Wireless Earbuds,75,0
2025-11-22,P10,Wireless Earbuds,110,0
2025-11-23,P10,Wireless Earbuds,156,0
2025-11-24,P10,Wireless Earbuds,106,0
2025-11-25,P10,Wireless Earbuds,74,0
2025-11-26,P10,Wireless Earbuds,50,0
2025-11-27,P10,Wireless Earbuds,114,0
2025-11-28,P10,Wireless Earbuds,88,0
2025-11-29,P10,Wireless Earbuds,53,0
2025-11-30,P10,Wireless Earbuds,123,0
2025-12-01,P10,Wireless Earbuds,91,0
2025-12-02,P10,Wireless Earbuds,19,0
2025-12-03,P10,Wireless Earbuds,53,0
2025-12-04,P10,Wireless Earbuds,71,0
2025-12-05,P10,Wireless Earbuds,98,0
2025-12-06,P10,Wireless Earbuds,83,0
2025-12-07,P10,Wireless Earbuds,68,0
2025-12-08,P10,Wireless Earbuds,84,0
2025-12-09,P10,Wireless Earbuds,60,0
2025-12-10,P10,Wireless Earbuds,82,0
2025-12-11,P10,Wireless Earbuds,49,0
2025-12-12,P10,Wireless Earbuds,48,0
2025-12-13,P10,Wireless Earbuds,121,0
2025-12-14,P10,Wireless Earbuds,98,0
2025-12-15,P10,Wireless Earbuds,89,0
2025-12-16,P10,Wireless Earbuds,58,0
2025-12-17,P10,Wireless Earbuds,54,0
2025-12-18,P10,Wireless Earbuds,103,0
2025-12-19,P10,Wireless Earbuds,44,0
2025-12-20,P10,Wireless Earbuds,136,0
2025-12-21,P10,Wireless Earbuds,128,0
2025-12-22,P10,Wireless Earbuds,88,0
2025-12-23,P10,Wireless Earbuds,55,0
2025-12-24,P10,Wireless Earbuds,54,0
2025-12-25,P10,Wireless Earbuds,69,0
2025-12-26,P10,Wireless Earbuds,38,0
2025-12-27,P10,Wireless Earbuds,54,0
2025-12-28,P10,Wireless Earbuds,84,0
2025-12-29,P10,Wireless Earbuds,64,0
2025-12-30,P10,Wireless Earbuds,37,0
